version,step,graphcredit/node_reward_mean,graphcredit/solver_node_reward_mean,graphcredit/verifier_node_reward_mean,graphcredit/verifier_negative_node_ratio,episode/pass@2,episode/avg@2,timing_s/testing
v9,1.0,0.125,0.188,0.0,,0.625,0.375,
v9,2.0,0.188,0.275,0.013,,0.625,0.562,
v9,3.0,0.188,0.275,0.013,,0.625,0.562,
v9,4.0,0.042,0.062,0.0,,0.25,0.125,
v9,5.0,0.125,0.188,0.0,,0.75,0.375,
v9,6.0,0.167,0.25,0.0,,0.625,0.5,
v9,7.0,0.167,0.25,0.0,,0.625,0.5,
v9,8.0,0.25,0.357,0.036,,0.875,0.75,
v9,9.0,0.208,0.312,0.0,,0.75,0.625,
v9,10.0,0.167,0.25,0.0,,0.625,0.5,
v9,11.0,0.25,0.375,0.0,,0.75,0.75,
v9,12.0,0.104,0.156,0.0,,0.375,0.312,
v9,13.0,0.042,0.062,0.0,,0.125,0.125,
v9,14.0,0.167,0.25,0.0,,0.75,0.5,
v9,15.0,0.146,0.219,0.0,,0.5,0.438,
v9,16.0,0.062,0.125,0.0,,0.25,0.125,
v9,17.0,0.104,0.156,0.0,,0.375,0.312,
v9,18.0,0.125,0.188,0.0,,0.375,0.375,
v9,19.0,0.083,0.125,0.0,,0.25,0.25,
v9,20.0,0.146,0.219,0.0,,0.5,0.438,
v9,21.0,0.146,0.156,0.125,,0.625,0.438,
v9,22.0,0.104,0.148,0.016,,0.375,0.312,
v9,23.0,0.375,0.75,0.0,,0.875,0.75,
v9,24.0,0.125,0.156,0.062,,0.625,0.375,
v9,25.0,0.167,0.25,0.0,,0.625,0.5,
v9,26.0,0.167,0.25,0.0,,0.625,0.5,
v9,27.0,0.208,0.305,0.016,,0.75,0.625,
v9,28.0,0.146,0.219,0.0,,0.5,0.438,
v9,29.0,0.104,0.156,0.0,,0.5,0.312,
v9,30.0,0.188,0.281,0.0,,0.625,0.562,
v9,31.0,0.062,0.094,0.0,,0.375,0.188,
v9,32.0,0.188,0.281,0.0,,0.625,0.562,
v9,33.0,0.167,0.25,0.0,,0.625,0.5,
v9,34.0,0.188,0.267,0.028,,0.75,0.562,
v9,35.0,0.229,0.326,0.035,,0.875,0.688,
v9,36.0,0.208,0.304,0.018,,0.875,0.625,
v9,37.0,0.125,0.188,0.0,,0.375,0.375,
v9,38.0,0.104,0.156,0.0,,0.375,0.312,
v9,39.0,0.167,0.232,0.036,,0.625,0.5,
v9,40.0,0.146,0.219,0.0,,0.625,0.438,
v9,41.0,0.146,0.219,0.0,,0.75,0.438,
v9,42.0,0.125,0.18,0.016,,0.625,0.375,
v9,43.0,0.146,0.198,0.042,,0.625,0.438,
v9,44.0,0.146,0.219,0.0,,0.5,0.438,
v9,45.0,0.188,0.281,0.0,,0.75,0.562,
v9,46.0,0.167,0.25,0.0,,0.5,0.5,
v9,47.0,0.083,0.125,0.0,,0.25,0.25,
v9,48.0,0.167,0.24,0.021,,0.75,0.5,
v9,49.0,0.104,0.156,0.0,,0.375,0.312,
v9,50.0,0.208,0.312,0.0,,0.75,0.625,587.822
v9,51.0,0.25,0.375,0.0,,0.75,0.75,
v9,52.0,0.125,0.188,0.0,,0.5,0.375,
v9,53.0,0.229,0.344,0.0,,0.875,0.688,
v9,54.0,0.229,0.312,0.062,,0.75,0.688,
v9,55.0,0.25,0.32,0.111,,0.875,0.75,
v9,56.0,0.146,0.219,0.0,,0.625,0.438,
v9,57.0,0.167,0.25,0.0,,0.625,0.5,
v9,58.0,0.104,0.156,0.0,,0.375,0.312,
v9,59.0,0.271,0.406,0.0,,1.0,0.812,
v9,60.0,0.208,0.305,0.016,,0.875,0.625,
v9,61.0,0.146,0.219,0.0,,0.5,0.438,
v9,62.0,0.125,0.188,0.0,,0.5,0.375,
v9,63.0,0.208,0.312,0.0,,0.625,0.625,
v9,64.0,0.208,0.312,0.0,,0.75,0.625,
v9,65.0,0.167,0.219,0.062,,0.625,0.5,
v9,66.0,0.104,0.156,0.0,,0.375,0.312,
v9,67.0,0.167,0.244,0.013,,0.625,0.5,
v9,68.0,0.167,0.242,0.016,,0.625,0.5,
v9,69.0,0.125,0.174,0.026,,0.375,0.375,
v9,70.0,0.188,0.273,0.016,,0.625,0.562,
v9,71.0,0.188,0.273,0.016,,0.75,0.562,
v9,72.0,0.167,0.25,0.0,,0.625,0.5,
v9,73.0,0.25,0.375,0.0,,1.0,0.75,
v9,74.0,0.25,0.367,0.016,,0.875,0.75,
v9,75.0,0.125,0.188,0.0,,0.5,0.375,
v9,76.0,0.167,0.25,0.0,,0.625,0.5,
v9,77.0,0.104,0.156,0.0,,0.5,0.312,
v9,78.0,0.188,0.281,0.0,,0.75,0.562,
v9,79.0,0.188,0.375,0.0,,0.375,0.375,
v9,80.0,0.208,0.306,0.013,,0.75,0.625,
v9,81.0,0.188,0.281,0.0,,0.75,0.562,
v9,82.0,0.146,0.219,0.0,,0.5,0.438,
v9,83.0,0.188,0.281,0.0,,0.625,0.562,
v9,84.0,0.104,0.156,0.0,,0.375,0.312,
v9,85.0,0.188,0.281,0.0,,0.625,0.562,
v9,86.0,0.167,0.25,0.0,,0.625,0.5,
v9,87.0,0.125,0.18,0.016,,0.375,0.375,
v9,88.0,0.188,0.273,0.016,,0.625,0.562,
v9,89.0,0.188,0.281,0.0,,0.625,0.562,
v9,90.0,0.167,0.25,0.0,,0.625,0.5,
v9,91.0,0.208,0.302,0.021,,0.75,0.625,
v9,92.0,0.208,0.312,0.0,,0.75,0.625,
v9,93.0,0.167,0.25,0.0,,0.625,0.5,
v9,94.0,0.208,0.312,0.0,,0.625,0.625,
v9,95.0,0.146,0.219,0.0,,0.5,0.438,
v9,96.0,0.167,0.25,0.0,,0.75,0.5,
v9,97.0,0.146,0.219,0.0,,0.5,0.438,
v9,98.0,0.188,0.281,0.0,,0.625,0.562,
v9,99.0,0.188,0.275,0.013,,0.75,0.562,
v9,100.0,0.167,0.244,0.013,,0.625,0.5,544.819
v9,101.0,0.25,0.375,0.0,,0.75,0.75,
v9,102.0,0.167,0.25,0.0,,0.75,0.5,
v9,103.0,0.167,0.25,0.0,,0.625,0.5,
v9,104.0,0.229,0.336,0.016,,0.875,0.688,
v9,105.0,0.125,0.188,0.0,,0.625,0.375,
v9,106.0,0.083,0.125,0.0,,0.375,0.25,
v9,107.0,0.083,0.125,0.0,,0.375,0.25,
v9,108.0,0.104,0.148,0.016,,0.5,0.312,
v9,109.0,0.312,0.469,0.0,,1.0,0.938,
v9,110.0,0.146,0.219,0.0,,0.5,0.438,
v9,111.0,0.208,0.305,0.016,,0.625,0.625,
v9,112.0,0.104,0.156,0.0,,0.375,0.312,
v9,113.0,0.167,0.25,0.0,,0.625,0.5,
v9,114.0,0.188,0.281,0.0,,0.75,0.562,
v9,115.0,0.312,0.469,0.0,,1.0,0.938,
v9,116.0,0.146,0.219,0.0,,0.5,0.438,
v9,117.0,0.188,0.281,0.0,,0.625,0.562,
v9,118.0,0.312,0.469,0.0,,1.0,0.938,
v9,119.0,0.25,0.375,0.0,,0.75,0.75,
v9,120.0,0.125,0.188,0.0,,0.5,0.375,
v9,121.0,0.062,0.094,0.0,,0.25,0.188,
v9,122.0,0.167,0.25,0.0,,0.625,0.5,
v9,123.0,0.125,0.188,0.0,,0.5,0.375,
v9,124.0,0.229,0.333,0.021,,0.75,0.688,
v9,125.0,0.104,0.156,0.0,,0.375,0.312,
v9,126.0,0.229,0.344,0.0,,0.75,0.688,
v9,127.0,0.188,0.281,0.0,,0.625,0.562,
v9,128.0,0.344,0.688,0.0,,0.875,0.688,
v9,129.0,0.167,0.25,0.0,,0.625,0.5,
v9,130.0,0.188,0.274,0.015,,0.75,0.562,
v9,131.0,0.146,0.219,0.0,,0.625,0.438,
v9,132.0,0.208,0.312,0.0,,0.625,0.625,
v9,133.0,0.167,0.188,0.125,,0.625,0.5,
v9,134.0,0.188,0.271,0.021,,0.625,0.562,
v9,135.0,0.271,0.398,0.016,,0.875,0.812,
v9,136.0,0.208,0.312,0.0,,0.625,0.625,
v9,137.0,0.229,0.312,0.062,,0.875,0.688,
v9,138.0,0.25,0.361,0.028,,0.875,0.75,
v9,139.0,0.271,0.406,0.0,,0.875,0.812,
v9,140.0,0.25,0.375,0.0,,0.875,0.75,
v9,141.0,0.167,0.25,0.0,,0.5,0.5,
v9,142.0,0.146,0.219,0.0,,0.625,0.438,
v9,143.0,0.208,0.312,0.0,,0.75,0.625,
v9,144.0,0.188,0.25,0.062,,0.625,0.562,
v9,145.0,0.229,0.344,0.0,,0.75,0.688,
v9,146.0,0.188,0.281,0.0,,0.75,0.562,
v9,147.0,0.208,0.312,0.0,,0.75,0.625,
v9,148.0,0.167,0.25,0.0,,0.625,0.5,
v9,149.0,0.188,0.281,0.0,,0.625,0.562,
v9,150.0,0.062,0.094,0.0,,0.25,0.188,593.149
v9,151.0,0.146,0.219,0.0,,0.625,0.438,
v9,152.0,0.25,0.375,0.0,,0.875,0.75,
v9,153.0,0.208,0.305,0.016,,0.75,0.625,
v9,154.0,0.208,0.312,0.0,,0.75,0.625,
v9,155.0,0.208,0.284,0.057,,0.75,0.625,
v9,156.0,0.146,0.219,0.0,,0.625,0.438,
v9,157.0,0.188,0.281,0.0,,0.625,0.562,
v9,158.0,0.271,0.4,0.013,,1.0,0.812,
v9,159.0,0.125,0.18,0.016,,0.5,0.375,
v9,160.0,0.146,0.219,0.0,,0.5,0.438,
v9,161.0,0.125,0.188,0.0,,0.5,0.375,
v9,162.0,0.167,0.242,0.016,,0.625,0.5,
v9,163.0,0.188,0.273,0.016,,0.625,0.562,
v9,164.0,0.146,0.19,0.057,,0.5,0.438,
v9,165.0,0.188,0.281,0.0,,0.625,0.562,
v9,166.0,0.125,0.188,0.0,,0.5,0.375,
v9,167.0,0.188,0.281,0.0,,0.625,0.562,
v9,168.0,0.146,0.219,0.0,,0.5,0.438,
v9,169.0,0.188,0.281,0.0,,0.625,0.562,
v9,170.0,0.208,0.312,0.0,,0.625,0.625,
v9,171.0,0.104,0.148,0.016,,0.5,0.312,
v9,172.0,0.229,0.338,0.013,,0.75,0.688,
v9,173.0,0.188,0.281,0.0,,0.625,0.562,
v9,174.0,0.104,0.146,0.021,,0.5,0.312,
v9,175.0,0.146,0.201,0.036,,0.75,0.438,
v9,176.0,0.083,0.125,0.0,,0.375,0.25,
v9,177.0,0.167,0.25,0.0,,0.625,0.5,
v9,178.0,0.208,0.305,0.016,,0.625,0.625,
v9,179.0,0.125,0.188,0.0,,0.375,0.375,
v9,180.0,0.188,0.275,0.013,,0.625,0.562,
v9,181.0,0.125,0.188,0.0,,0.375,0.375,
v9,182.0,0.208,0.298,0.028,,0.75,0.625,
v9,183.0,0.208,0.301,0.024,,0.625,0.625,
v9,184.0,0.188,0.242,0.078,,0.625,0.562,
v9,185.0,0.104,0.156,0.0,,0.375,0.312,
v9,186.0,0.229,0.344,0.0,,0.75,0.688,
v9,187.0,0.062,0.094,0.0,,0.25,0.188,
v9,188.0,0.104,0.156,0.0,,0.375,0.312,
v9,189.0,0.104,0.156,0.0,,0.5,0.312,
v9,190.0,0.188,0.275,0.013,,0.625,0.562,
v9,191.0,0.188,0.25,0.062,,0.625,0.562,
v9,192.0,0.104,0.156,0.0,,0.5,0.312,
v9,193.0,0.208,0.281,0.062,,0.75,0.625,
v9,194.0,0.229,0.305,0.078,,0.75,0.688,
v9,195.0,0.271,0.4,0.013,,1.0,0.812,
v9,196.0,0.167,0.25,0.0,,0.75,0.5,
v9,197.0,0.146,0.212,0.013,,0.5,0.438,
v9,198.0,0.146,0.208,0.021,,0.625,0.438,
v9,199.0,0.229,0.305,0.078,,0.75,0.688,
v9,200.0,0.271,0.396,0.021,,0.875,0.812,533.132
v9,201.0,0.146,0.219,0.0,,0.625,0.438,
v9,202.0,0.167,0.242,0.016,,0.625,0.5,
v9,203.0,0.125,0.181,0.013,,0.5,0.375,
v9,204.0,0.25,0.305,0.141,,0.75,0.75,
v9,205.0,0.104,0.146,0.021,,0.5,0.312,
v9,206.0,0.229,0.344,0.0,,0.75,0.688,
v9,207.0,0.208,0.312,0.0,,0.625,0.625,
v9,208.0,0.042,0.062,0.0,,0.125,0.125,
v9,209.0,0.125,0.172,0.031,,0.75,0.375,
v9,210.0,0.125,0.188,0.0,,0.5,0.375,
v9,211.0,0.167,0.25,0.0,,0.625,0.5,
v9,212.0,0.146,0.219,0.0,,0.5,0.438,
v9,213.0,0.208,0.289,0.047,,0.75,0.625,
v9,214.0,0.125,0.188,0.0,,0.5,0.375,
v9,215.0,0.167,0.25,0.0,,0.625,0.5,
v9,216.0,0.146,0.212,0.013,,0.625,0.438,
v9,217.0,0.229,0.328,0.031,,0.875,0.688,
v9,218.0,0.042,0.062,0.0,,0.125,0.125,
v9,219.0,0.125,0.188,0.0,,0.375,0.375,
v9,220.0,0.167,0.242,0.016,,0.625,0.5,
v9,221.0,0.208,0.306,0.013,,0.75,0.625,
v9,222.0,0.406,0.812,0.0,,0.875,0.812,
v9,223.0,0.208,0.281,0.062,,0.75,0.625,
v9,224.0,0.188,0.263,0.036,,0.625,0.562,
v9,225.0,0.167,0.219,0.062,,0.625,0.5,
v9,226.0,0.125,0.188,0.0,,0.375,0.375,
v9,227.0,0.229,0.344,0.0,,0.75,0.688,
v9,228.0,0.208,0.281,0.062,,0.625,0.625,
v9,229.0,0.146,0.219,0.0,,0.5,0.438,
v9,230.0,0.188,0.281,0.0,,0.75,0.562,
v9,231.0,0.208,0.281,0.062,,0.75,0.625,
v9,232.0,0.229,0.333,0.021,,0.75,0.688,
v9,233.0,0.271,0.384,0.044,,0.875,0.812,
v9,234.0,0.229,0.344,0.0,,0.75,0.688,
v9,235.0,0.125,0.18,0.016,,0.5,0.375,
v9,236.0,0.125,0.177,0.021,,0.5,0.375,
v9,237.0,0.146,0.219,0.0,,0.5,0.438,
v9,238.0,0.208,0.312,0.0,,0.875,0.625,
v9,239.0,0.188,0.271,0.021,,0.625,0.562,
v9,240.0,0.229,0.336,0.016,,0.75,0.688,
v9,241.0,0.167,0.242,0.016,,0.625,0.5,
v9,242.0,0.292,0.438,0.0,,1.0,0.875,
v9,243.0,0.271,0.375,0.062,,0.875,0.812,
v9,244.0,0.229,0.344,0.0,,0.75,0.688,
v9,245.0,0.188,0.273,0.016,,0.625,0.562,
v9,246.0,0.208,0.312,0.0,,0.75,0.625,
v9,247.0,0.229,0.338,0.013,,0.75,0.688,
v9,248.0,0.25,0.375,0.0,,0.75,0.75,
v9,249.0,0.25,0.357,0.036,,0.75,0.75,
v9,250.0,0.25,0.375,0.0,,0.75,0.75,571.36
v9,251.0,0.208,0.312,0.0,,0.75,0.625,
v9,252.0,0.208,0.312,0.0,,0.75,0.625,
v9,253.0,0.083,0.117,0.016,,0.375,0.25,
v9,254.0,0.167,0.242,0.016,,0.625,0.5,
v9,255.0,0.208,0.288,0.049,,0.75,0.625,
v9,256.0,0.208,0.263,0.099,,0.75,0.625,
v9,257.0,0.208,0.281,0.062,,0.875,0.625,
v9,258.0,0.167,0.25,0.0,,0.625,0.5,
v9,259.0,0.25,0.375,0.0,,0.875,0.75,
v9,260.0,0.125,0.188,0.0,,0.625,0.375,
v9,261.0,0.208,0.312,0.0,,1.0,0.625,
v9,262.0,0.208,0.288,0.049,,0.75,0.625,
v9,263.0,0.146,0.211,0.016,,0.75,0.438,
v9,264.0,0.229,0.302,0.083,,0.875,0.688,
v9,265.0,0.146,0.213,0.013,,0.625,0.438,
v9,266.0,0.167,0.242,0.016,,0.625,0.5,
v9,267.0,0.146,0.213,0.013,,0.625,0.438,
v9,268.0,0.188,0.25,0.062,,0.625,0.562,
v9,269.0,0.125,0.188,0.0,,0.5,0.375,
v9,270.0,0.229,0.305,0.078,,0.75,0.688,
v9,271.0,0.271,0.392,0.028,,0.875,0.812,
v9,272.0,0.208,0.312,0.0,,0.75,0.625,
v9,273.0,0.25,0.369,0.013,,0.75,0.75,
v9,274.0,0.229,0.301,0.086,,0.75,0.688,
v9,275.0,0.146,0.193,0.052,,0.75,0.438,
v9,276.0,0.229,0.312,0.062,,0.875,0.688,
v9,277.0,0.146,0.219,0.0,,0.5,0.438,
v9,278.0,0.229,0.284,0.12,,0.75,0.688,
v9,279.0,0.25,0.29,0.169,,0.875,0.75,
v9,280.0,0.167,0.24,0.021,,0.625,0.5,
v9,281.0,0.208,0.271,0.083,,0.75,0.625,
v9,282.0,0.25,0.341,0.068,,0.75,0.75,
v9,283.0,0.188,0.262,0.039,,0.625,0.562,
v9,284.0,0.208,0.271,0.083,,0.75,0.625,
v9,285.0,0.146,0.177,0.083,,0.625,0.438,
v9,286.0,0.208,0.236,0.153,,0.625,0.625,
v9,287.0,0.208,0.265,0.096,,0.875,0.625,
v9,288.0,0.062,0.062,0.062,,0.25,0.188,
v9,289.0,0.208,0.292,0.042,,0.75,0.625,
v9,290.0,0.146,0.146,0.146,,0.5,0.438,
v9,291.0,0.188,0.234,0.094,,0.75,0.562,
v9,292.0,0.208,0.229,0.167,,0.625,0.625,
v9,293.0,0.146,0.188,0.062,,0.625,0.438,
v9,294.0,0.229,0.292,0.103,,0.875,0.688,
v9,295.0,0.188,0.267,0.028,,0.625,0.562,
v9,296.0,0.125,0.124,0.128,,0.5,0.375,
v9,297.0,0.208,0.234,0.156,,0.75,0.625,
v9,298.0,0.208,0.219,0.188,,0.75,0.625,
v9,299.0,0.125,0.148,0.078,,0.5,0.375,
v9,300.0,0.208,0.276,0.073,,0.75,0.625,553.05
v9,301.0,0.25,0.359,0.031,,0.875,0.75,
v9,302.0,0.125,0.188,0.0,,0.5,0.375,
v9,303.0,0.208,0.258,0.109,,0.625,0.625,
v9,304.0,0.25,0.333,0.083,,0.875,0.75,
v9,305.0,0.146,0.165,0.107,,0.625,0.438,
v9,306.0,0.146,0.201,0.036,,0.5,0.438,
v9,307.0,0.104,0.135,0.042,,0.375,0.312,
v9,308.0,0.208,0.279,0.068,,0.625,0.625,
v9,309.0,0.104,0.146,0.021,,0.375,0.312,
v9,310.0,0.104,0.135,0.042,,0.375,0.312,
v9,311.0,0.208,0.224,0.177,,0.625,0.625,
v9,312.0,0.146,0.219,0.0,,0.5,0.438,
v9,313.0,0.146,0.208,0.021,,0.625,0.438,
v9,314.0,0.188,0.271,0.021,,0.75,0.562,
v9,315.0,0.188,0.26,0.042,,0.625,0.562,
v9,316.0,0.167,0.221,0.057,,0.625,0.5,
v9,317.0,0.188,0.263,0.036,,0.875,0.562,
v9,318.0,0.146,0.198,0.042,,0.5,0.438,
v9,319.0,0.188,0.229,0.104,,0.625,0.562,
v9,320.0,0.083,0.125,0.0,,0.25,0.25,
v9,321.0,0.042,0.062,0.0,,0.125,0.125,
v9,322.0,0.104,0.138,0.036,,0.375,0.312,
v9,323.0,0.146,0.18,0.078,,0.5,0.438,
v9,324.0,0.167,0.224,0.052,,0.5,0.5,
v9,325.0,0.125,0.171,0.033,,0.5,0.375,
v9,326.0,0.25,0.343,0.065,,0.75,0.75,
v9,327.0,0.229,0.297,0.094,,0.75,0.688,
v9,328.0,0.188,0.267,0.028,,0.625,0.562,
v9,329.0,0.104,0.138,0.036,,0.375,0.312,
v9,330.0,0.062,0.094,0.0,,0.25,0.188,
v9,331.0,0.188,0.255,0.052,,0.75,0.562,
v9,332.0,0.167,0.242,0.016,,0.75,0.5,
v9,333.0,0.104,0.094,0.125,,0.375,0.312,
v9,334.0,0.083,0.125,0.0,,0.375,0.25,
v9,335.0,0.104,0.125,0.062,,0.375,0.312,
v9,336.0,0.146,0.208,0.021,,0.5,0.438,
v9,337.0,0.104,0.135,0.042,,0.5,0.312,
v9,338.0,0.146,0.19,0.057,,0.625,0.438,
v9,339.0,0.125,0.146,0.083,,0.625,0.375,
v9,340.0,0.167,0.216,0.068,,0.5,0.5,
v9,341.0,0.146,0.167,0.104,,0.625,0.438,
v9,342.0,0.042,0.055,0.016,,0.25,0.125,
v9,343.0,0.146,0.197,0.044,,0.625,0.438,
v9,344.0,0.188,0.242,0.078,,0.625,0.562,
v9,345.0,0.167,0.155,0.19,,0.5,0.5,
v9,346.0,0.208,0.236,0.154,,0.875,0.625,
v9,347.0,0.146,0.155,0.127,,0.5,0.438,
v9,348.0,0.146,0.156,0.125,,0.625,0.438,
v9,349.0,0.125,0.125,0.125,,0.5,0.375,
v9,350.0,0.146,0.17,0.097,,0.625,0.438,456.261
v9,351.0,0.042,0.062,0.0,,0.25,0.125,
v9,352.0,0.146,0.146,0.146,,0.5,0.438,
v9,353.0,0.188,0.243,0.076,,0.625,0.562,
v9,354.0,0.208,0.286,0.052,,0.75,0.625,
v9,355.0,0.229,0.273,0.141,,0.75,0.688,
v9,356.0,0.167,0.211,0.078,,0.75,0.5,
v9,357.0,0.125,0.158,0.06,,0.5,0.375,
v9,358.0,0.229,0.245,0.198,,0.875,0.688,
v9,359.0,0.167,0.211,0.078,,0.5,0.5,
v9,360.0,0.083,0.083,0.083,,0.375,0.25,
v9,361.0,0.104,0.138,0.036,,0.5,0.312,
v9,362.0,0.083,0.115,0.021,,0.25,0.25,
v9,363.0,0.167,0.232,0.036,,0.625,0.5,
v9,364.0,0.125,0.148,0.078,,0.5,0.375,
v9,365.0,0.167,0.183,0.134,,0.625,0.5,
v9,366.0,0.125,0.148,0.078,,0.5,0.375,
v9,367.0,0.188,0.216,0.13,,0.75,0.562,
v9,368.0,0.062,0.062,0.062,,0.375,0.188,
v9,369.0,0.104,0.138,0.036,,0.5,0.312,
v9,370.0,0.208,0.18,0.266,,0.625,0.625,
v9,371.0,0.062,0.094,0.0,,0.25,0.188,
v9,372.0,0.229,0.278,0.132,,0.75,0.688,
v9,373.0,0.104,0.146,0.021,,0.375,0.312,
v9,374.0,0.062,0.094,0.0,,0.375,0.188,
v9,375.0,0.146,0.19,0.057,,0.5,0.438,
v9,376.0,0.125,0.156,0.062,,0.5,0.375,
v9,377.0,0.146,0.134,0.169,,0.625,0.438,
v9,378.0,0.125,0.103,0.169,,0.5,0.375,
v9,379.0,0.208,0.207,0.211,,0.75,0.625,
v9,380.0,0.146,0.165,0.107,,0.75,0.438,
v9,381.0,0.208,0.182,0.26,,0.625,0.625,
v9,382.0,0.125,0.138,0.099,,0.5,0.375,
v9,383.0,0.146,0.146,0.146,,0.5,0.438,
v9,384.0,0.188,0.186,0.19,,0.75,0.562,
v9,385.0,0.188,0.202,0.159,,0.625,0.562,
v9,386.0,0.104,0.104,0.104,,0.375,0.312,
v9,387.0,0.229,0.244,0.2,,0.75,0.688,
v9,388.0,0.146,0.156,0.125,,0.625,0.438,
v9,389.0,0.146,0.188,0.062,,0.5,0.438,
v9,390.0,0.188,0.227,0.109,,0.75,0.562,
v9,391.0,0.208,0.242,0.141,,0.75,0.625,
v9,392.0,0.188,0.229,0.104,,0.75,0.562,
v9,393.0,0.167,0.169,0.161,,0.5,0.5,
v9,394.0,0.25,0.232,0.286,,0.75,0.75,
v9,395.0,0.146,0.146,0.146,,0.75,0.438,
v9,396.0,0.104,0.103,0.107,,0.5,0.312,
v9,397.0,0.104,0.115,0.083,,0.375,0.312,
v9,398.0,0.167,0.18,0.141,,0.625,0.5,
v9,399.0,0.271,0.328,0.156,,0.875,0.812,
v9,400.0,0.125,0.146,0.083,,0.5,0.375,517.546
v9,401.0,0.104,0.125,0.062,,0.375,0.312,
v9,402.0,0.083,0.094,0.062,,0.375,0.25,
v9,403.0,0.125,0.159,0.057,,0.375,0.375,
v9,404.0,0.229,0.301,0.085,,0.75,0.688,
v9,405.0,0.062,0.052,0.083,,0.25,0.188,
v9,406.0,0.104,0.146,0.021,,0.375,0.312,
v9,407.0,0.188,0.221,0.12,,0.625,0.562,
v9,408.0,0.188,0.208,0.146,,0.75,0.562,
v9,409.0,0.208,0.242,0.141,,0.75,0.625,
v9,410.0,0.229,0.242,0.203,,0.75,0.688,
v9,411.0,0.146,0.188,0.062,,0.625,0.438,
v9,412.0,0.125,0.159,0.057,,0.625,0.375,
v9,413.0,0.146,0.135,0.167,,0.5,0.438,
v9,414.0,0.229,0.255,0.177,,0.75,0.688,
v9,415.0,0.208,0.234,0.156,,0.875,0.625,
v9,416.0,0.188,0.281,0.0,,0.75,0.562,
v9,417.0,0.188,0.186,0.19,,0.75,0.562,
v9,418.0,0.167,0.18,0.141,,0.5,0.5,
v9,419.0,0.229,0.307,0.073,,0.75,0.688,
v9,420.0,0.208,0.266,0.094,,0.875,0.625,
v9,421.0,0.208,0.298,0.028,,0.75,0.625,
v9,422.0,0.125,0.167,0.042,,0.5,0.375,
v9,423.0,0.292,0.423,0.03,,1.0,0.875,
v9,424.0,0.229,0.336,0.016,,1.0,0.688,
v9,425.0,0.229,0.336,0.016,,1.0,0.688,
v9,426.0,0.229,0.344,0.0,,0.875,0.688,
v9,427.0,0.229,0.328,0.031,,0.75,0.688,
v9,428.0,0.146,0.219,0.0,,0.5,0.438,
v9,429.0,0.208,0.281,0.062,,0.75,0.625,
v9,430.0,0.333,0.476,0.049,,1.0,1.0,
v9,431.0,0.188,0.198,0.167,,0.625,0.562,
v9,432.0,0.271,0.346,0.12,,1.0,0.812,
v9,433.0,0.167,0.19,0.119,,0.625,0.5,
v9,434.0,0.208,0.281,0.062,,0.75,0.625,
v9,435.0,0.188,0.271,0.021,,0.75,0.562,
v9,436.0,0.188,0.247,0.068,,0.875,0.562,
v9,437.0,0.167,0.208,0.083,,0.625,0.5,
v9,438.0,0.229,0.286,0.115,,0.75,0.688,
v9,439.0,0.229,0.326,0.036,,0.75,0.688,
v9,440.0,0.208,0.302,0.021,,0.625,0.625,
v9,441.0,0.146,0.219,0.0,,0.625,0.438,
v9,442.0,0.125,0.188,0.0,,0.5,0.375,
v9,443.0,0.229,0.305,0.078,,0.75,0.688,
v9,444.0,0.188,0.254,0.054,,0.625,0.562,
v9,445.0,0.146,0.198,0.042,,0.5,0.438,
v9,446.0,0.167,0.25,0.0,,0.625,0.5,
v9,447.0,0.125,0.148,0.078,,0.5,0.375,
v9,448.0,0.188,0.234,0.094,,0.625,0.562,
v9,449.0,0.271,0.391,0.031,,0.875,0.812,
v9,450.0,0.104,0.125,0.062,,0.5,0.312,497.616
v9,451.0,0.208,0.289,0.047,,0.75,0.625,
v9,452.0,0.188,0.234,0.094,,0.625,0.562,
v9,453.0,0.125,0.146,0.083,,0.625,0.375,
v9,454.0,0.229,0.266,0.156,,0.875,0.688,
v9,455.0,0.146,0.188,0.062,,0.5,0.438,
v9,456.0,0.229,0.182,0.323,,0.875,0.688,
v9,457.0,0.271,0.284,0.245,,1.0,0.812,
v9,458.0,0.208,0.188,0.25,,0.75,0.625,
v9,459.0,0.167,0.177,0.146,,0.625,0.5,
v9,460.0,0.229,0.285,0.117,,0.875,0.688,
v9,461.0,0.271,0.358,0.096,,0.875,0.812,
v9,462.0,0.229,0.318,0.052,,1.0,0.688,
v9,463.0,0.25,0.281,0.188,,0.875,0.75,
v9,464.0,0.229,0.326,0.036,,0.75,0.688,
v9,465.0,0.271,0.352,0.109,,0.875,0.812,
v9,466.0,0.188,0.229,0.104,,0.625,0.562,
v9,467.0,0.146,0.141,0.156,,0.5,0.438,
v9,468.0,0.271,0.307,0.198,,0.875,0.812,
v9,469.0,0.188,0.177,0.208,,0.875,0.562,
v9,470.0,0.167,0.221,0.057,,0.75,0.5,
v9,471.0,0.208,0.221,0.182,,0.75,0.625,
v9,472.0,0.208,0.297,0.031,,0.625,0.625,
v9,473.0,0.271,0.38,0.052,,0.875,0.812,
v9,474.0,0.271,0.315,0.182,,0.875,0.812,
v9,475.0,0.167,0.193,0.115,,0.75,0.5,
v9,476.0,0.188,0.221,0.12,,0.75,0.562,
v9,477.0,0.25,0.193,0.365,,0.75,0.75,
v9,478.0,0.125,0.128,0.12,,0.5,0.375,
v9,479.0,0.146,0.096,0.245,,0.625,0.438,
v9,480.0,0.229,0.303,0.081,,0.75,0.688,
v9,481.0,0.229,0.242,0.203,,0.75,0.688,
v9,482.0,0.271,0.307,0.198,,0.875,0.812,
v9,483.0,0.167,0.18,0.141,,0.625,0.5,
v9,484.0,0.25,0.203,0.344,,0.875,0.75,
v9,485.0,0.188,0.18,0.203,,0.625,0.562,
v9,486.0,0.188,0.169,0.224,,0.625,0.562,
v9,487.0,0.146,0.104,0.229,,0.5,0.438,
v9,488.0,0.188,0.151,0.26,,0.625,0.562,
v9,489.0,0.292,0.288,0.299,,0.875,0.875,
v9,490.0,0.25,0.255,0.24,,0.875,0.75,
v9,491.0,0.229,0.159,0.37,,0.75,0.688,
v9,492.0,0.188,0.169,0.224,,0.625,0.562,
v9,493.0,0.083,0.062,0.125,,0.25,0.25,
v9,494.0,0.167,0.159,0.182,,0.625,0.5,
v9,495.0,0.188,0.146,0.271,,0.75,0.562,
v9,496.0,0.312,0.297,0.344,,1.0,0.938,
v9,497.0,0.104,0.083,0.146,,0.375,0.312,
v9,498.0,0.167,0.167,0.167,,0.5,0.5,
v9,499.0,0.188,0.172,0.219,,0.625,0.562,
v9,500.0,0.208,0.146,0.333,,0.625,0.625,447.583
v9,501.0,0.167,0.115,0.271,,0.625,0.5,
v9,502.0,0.167,0.156,0.187,,0.5,0.5,
v9,503.0,0.083,0.038,0.173,,0.375,0.25,
v9,504.0,0.25,0.273,0.203,,0.875,0.75,
v9,505.0,0.167,0.103,0.294,,0.625,0.5,
v9,506.0,0.146,0.115,0.208,,0.625,0.438,
v9,507.0,0.104,0.062,0.188,,0.375,0.312,
v9,508.0,0.188,0.148,0.266,,0.75,0.562,
v9,509.0,0.104,0.094,0.125,,0.375,0.312,
v9,510.0,0.208,0.125,0.375,,0.875,0.625,
v9,511.0,0.188,0.177,0.208,,0.625,0.562,
v9,512.0,0.146,0.104,0.229,,0.625,0.438,
v9,513.0,0.271,0.177,0.458,,0.875,0.812,
v9,514.0,0.229,0.146,0.396,,0.875,0.688,
v9,515.0,0.146,0.124,0.19,,0.5,0.438,
v9,516.0,0.167,0.094,0.312,,0.5,0.5,
v9,517.0,0.125,0.125,0.125,,0.5,0.375,
v9,518.0,0.229,0.186,0.315,,0.75,0.688,
v9,519.0,0.188,0.198,0.167,,0.625,0.562,
v9,520.0,0.25,0.146,0.458,,1.0,0.75,
v9,521.0,0.25,0.156,0.438,,0.875,0.75,
v9,522.0,0.167,0.148,0.203,,0.625,0.5,
v9,523.0,0.208,0.177,0.271,,0.75,0.625,
v9,524.0,0.25,0.208,0.333,,0.875,0.75,
v9,525.0,0.271,0.146,0.521,,0.875,0.812,
v9,526.0,0.271,0.187,0.438,,0.875,0.812,
v9,527.0,0.188,0.125,0.312,,0.625,0.562,
v9,528.0,0.125,0.115,0.146,,0.5,0.375,
v9,529.0,0.167,0.19,0.12,,0.625,0.5,
v9,530.0,0.083,0.042,0.167,,0.375,0.25,
v9,531.0,0.188,0.124,0.315,,0.75,0.562,
v9,532.0,0.083,0.055,0.141,,0.375,0.25,
v9,533.0,0.125,0.156,0.062,,0.5,0.375,
v9,534.0,0.208,0.177,0.271,,0.75,0.625,
v9,535.0,0.146,0.073,0.292,,0.5,0.438,
v9,536.0,0.021,0.031,0.0,,0.125,0.062,
v9,537.0,0.062,0.062,0.062,,0.25,0.188,
v9,538.0,0.125,0.083,0.208,,0.5,0.375,
v9,539.0,0.062,0.062,0.062,,0.25,0.188,
v9,540.0,0.188,0.167,0.229,,0.625,0.562,
v9,541.0,0.208,0.125,0.375,,0.75,0.625,
v9,542.0,0.042,0.042,0.042,,0.25,0.125,
v9,543.0,0.042,0.021,0.083,,0.25,0.125,
v9,544.0,0.062,0.021,0.146,,0.25,0.188,
v9,545.0,0.146,0.062,0.312,,0.5,0.438,
v9,546.0,0.083,0.021,0.208,,0.375,0.25,
v9,547.0,0.146,0.083,0.271,,0.5,0.438,
v9,548.0,0.125,0.125,0.125,,0.5,0.375,
v9,549.0,0.125,0.115,0.146,,0.5,0.375,
v9,550.0,0.167,0.094,0.312,,0.625,0.5,296.118
v9,551.0,0.062,0.042,0.104,,0.25,0.188,
v9,552.0,0.062,0.042,0.104,,0.25,0.188,
v9,553.0,0.146,0.104,0.229,,0.5,0.438,
v9,554.0,0.083,0.062,0.125,,0.375,0.25,
v9,555.0,0.167,0.135,0.229,,0.625,0.5,
v9,556.0,0.062,0.021,0.146,,0.25,0.188,
v9,557.0,0.021,0.021,0.021,,0.125,0.062,
v9,558.0,0.271,0.199,0.414,,0.875,0.812,
v9,559.0,0.312,0.229,0.479,,1.0,0.938,
v9,560.0,0.208,0.201,0.224,,0.75,0.625,
v9,561.0,0.167,0.156,0.188,,0.625,0.5,
v9,562.0,0.146,0.062,0.312,,0.5,0.438,
v9,563.0,0.208,0.125,0.375,,0.625,0.625,
v9,564.0,0.083,0.021,0.208,,0.375,0.25,
v9,565.0,0.208,0.104,0.417,,0.75,0.625,
v9,566.0,0.125,0.146,0.083,,0.625,0.375,
v9,567.0,0.229,0.177,0.333,,0.875,0.688,
v9,568.0,0.125,0.083,0.208,,0.5,0.375,
v9,569.0,0.125,0.107,0.161,,0.5,0.375,
v9,570.0,0.125,0.062,0.25,,0.5,0.375,
v9,571.0,0.208,0.125,0.375,,0.75,0.625,
v9,572.0,0.062,0.023,0.141,,0.375,0.188,
v9,573.0,0.146,0.112,0.213,,0.5,0.438,
v9,574.0,0.229,0.201,0.286,,0.75,0.688,
v9,575.0,0.104,0.117,0.078,,0.375,0.312,
v9,576.0,0.208,0.167,0.292,,0.75,0.625,
v9,577.0,0.104,0.062,0.188,,0.375,0.312,
v9,578.0,0.208,0.207,0.211,,0.75,0.625,
v9,579.0,0.25,0.234,0.281,,0.75,0.75,
v9,580.0,0.229,0.135,0.417,,0.75,0.688,
v9,581.0,0.229,0.103,0.482,,0.75,0.688,
v9,582.0,0.188,0.042,0.479,,0.625,0.562,
v9,583.0,0.146,0.076,0.286,,0.5,0.438,
v9,584.0,0.146,0.062,0.312,,0.5,0.438,
v9,585.0,0.25,0.167,0.417,,0.75,0.75,
v9,586.0,0.188,0.052,0.458,,0.625,0.562,
v9,587.0,0.25,0.221,0.307,,0.875,0.75,
v9,588.0,0.25,0.219,0.312,,0.875,0.75,
v9,589.0,0.25,0.104,0.542,,0.875,0.75,
v9,590.0,0.208,0.214,0.198,,0.75,0.625,
v9,591.0,0.167,0.117,0.266,,0.625,0.5,
v9,592.0,0.167,0.096,0.307,,0.625,0.5,
v9,593.0,0.104,0.052,0.208,,0.375,0.312,
v9,594.0,0.271,0.198,0.417,,0.875,0.812,
v9,595.0,0.208,0.156,0.312,,0.75,0.625,
v9,596.0,0.188,0.135,0.292,,0.625,0.562,
v9,597.0,0.229,0.104,0.479,,0.75,0.688,
v9,598.0,0.229,0.062,0.562,,0.75,0.688,
v9,599.0,0.104,0.062,0.188,,0.5,0.312,
v9,600.0,0.188,0.188,0.188,,0.75,0.562,488.915
v9,601.0,0.146,0.115,0.208,,0.5,0.438,
v9,602.0,0.125,0.073,0.229,,0.375,0.375,
v9,603.0,0.229,0.188,0.312,,0.75,0.688,
v9,604.0,0.125,0.096,0.182,,0.5,0.375,
v9,605.0,0.312,0.219,0.5,,1.0,0.938,
v9,606.0,0.208,0.135,0.354,,0.75,0.625,
v9,607.0,0.104,0.062,0.188,,0.375,0.312,
v9,608.0,0.188,0.125,0.312,,0.625,0.562,
v9,609.0,0.167,0.138,0.224,,0.625,0.5,
v9,610.0,0.125,0.094,0.188,,0.375,0.375,
v9,611.0,0.188,0.115,0.333,,0.75,0.562,
v9,612.0,0.229,0.167,0.354,,0.75,0.688,
v9,613.0,0.083,0.062,0.125,,0.375,0.25,
v9,614.0,0.125,0.044,0.286,,0.375,0.375,
v9,615.0,0.229,0.156,0.375,,0.75,0.688,
v9,616.0,0.208,0.177,0.271,,0.625,0.625,
v9,617.0,0.208,0.082,0.461,,0.875,0.625,
v9,618.0,0.188,0.128,0.307,,0.625,0.562,
v9,619.0,0.146,0.135,0.167,,0.5,0.438,
v9,620.0,0.125,0.062,0.25,,0.375,0.375,
v9,621.0,0.125,0.083,0.208,,0.5,0.375,
v9,622.0,0.083,0.062,0.125,,0.375,0.25,
v9,623.0,0.271,0.201,0.411,,0.875,0.812,
v9,624.0,0.125,0.125,0.125,,0.5,0.375,
v9,625.0,0.208,0.062,0.5,,0.625,0.625,
v9,626.0,0.125,0.042,0.292,,0.5,0.375,
v9,627.0,0.188,0.125,0.312,,0.625,0.562,
v9,628.0,0.083,0.073,0.104,,0.25,0.25,
v9,629.0,0.146,0.115,0.208,,0.5,0.438,
v9,630.0,0.062,0.062,0.062,,0.25,0.188,
v9,631.0,0.167,0.104,0.292,,0.625,0.5,
v9,632.0,0.042,0.042,0.042,,0.25,0.125,
v9,633.0,0.083,0.042,0.167,,0.375,0.25,
v9,634.0,0.104,0.062,0.188,,0.375,0.312,
v9,635.0,0.042,0.021,0.083,,0.125,0.125,
v9,636.0,0.146,0.104,0.229,,0.5,0.438,
v9,637.0,0.167,0.083,0.333,,0.625,0.5,
v9,638.0,0.125,0.062,0.25,,0.625,0.375,
v9,639.0,0.146,0.104,0.229,,0.5,0.438,
v9,640.0,0.229,0.115,0.458,,0.75,0.688,
v9,641.0,0.188,0.115,0.333,,0.625,0.562,
v9,642.0,0.188,0.115,0.333,,0.625,0.562,
v9,643.0,0.146,0.104,0.229,,0.5,0.438,
v9,644.0,0.229,0.115,0.458,,0.75,0.688,
v9,645.0,0.083,0.042,0.167,,0.375,0.25,
v9,646.0,0.104,0.076,0.161,,0.375,0.312,
v9,647.0,0.062,0.018,0.151,,0.375,0.188,
v9,648.0,0.062,0.042,0.104,,0.375,0.188,
v9,649.0,0.021,0.021,0.021,,0.125,0.062,
v9,650.0,0.104,0.083,0.146,,0.375,0.312,349.768
v9,651.0,0.146,0.104,0.229,,0.5,0.438,
v9,652.0,0.208,0.117,0.391,,0.75,0.625,
v9,653.0,0.083,0.021,0.208,,0.25,0.25,
v9,654.0,0.062,0.042,0.104,,0.25,0.188,
v9,655.0,0.188,0.083,0.396,,0.75,0.562,
v9,656.0,0.062,0.021,0.146,,0.25,0.188,
v9,657.0,0.125,0.042,0.292,,0.375,0.375,
v9,658.0,0.125,0.021,0.333,,0.5,0.375,
v9,659.0,0.104,0.083,0.146,,0.5,0.312,
v9,660.0,0.062,0.052,0.083,,0.25,0.188,
v9,661.0,0.0,0.0,0.0,,0.0,0.0,
v9,662.0,0.125,0.102,0.172,,0.5,0.375,
v9,663.0,0.062,0.042,0.104,,0.25,0.188,
v9,664.0,0.167,0.128,0.245,,0.5,0.5,
v9,665.0,0.104,0.042,0.229,,0.375,0.312,
v9,666.0,0.146,0.073,0.292,,0.5,0.438,
v9,667.0,0.083,0.042,0.167,,0.25,0.25,
v9,668.0,0.104,0.042,0.229,,0.375,0.312,
v9,669.0,0.083,0.073,0.104,,0.375,0.25,
v9,670.0,0.125,0.083,0.208,,0.5,0.375,
v9,671.0,0.042,0.019,0.088,,0.125,0.125,
v9,672.0,0.062,0.061,0.065,,0.375,0.188,
v9,673.0,0.062,0.031,0.125,,0.25,0.188,
v9,674.0,0.104,0.06,0.193,,0.375,0.312,
v9,675.0,0.021,0.021,0.021,,0.125,0.062,
v9,676.0,0.083,0.021,0.208,,0.25,0.25,
v9,677.0,0.125,0.115,0.146,,0.5,0.375,
v9,678.0,0.083,0.042,0.167,,0.25,0.25,
v9,679.0,0.125,0.062,0.25,,0.5,0.375,
v9,680.0,0.0,0.0,0.0,,0.0,0.0,
v9,681.0,0.146,0.062,0.312,,0.5,0.438,
v9,682.0,0.042,0.042,0.042,,0.125,0.125,
v9,683.0,0.083,0.062,0.125,,0.25,0.25,
v9,684.0,0.0,0.0,0.0,,0.0,0.0,
v9,685.0,0.062,0.021,0.146,,0.25,0.188,
v9,686.0,0.083,0.042,0.167,,0.375,0.25,
v9,687.0,0.021,0.0,0.062,,0.125,0.062,
v9,688.0,0.146,0.083,0.271,,0.5,0.438,
v9,689.0,0.042,0.021,0.083,,0.25,0.125,
v9,690.0,0.0,0.0,0.0,,0.0,0.0,
v9,691.0,0.104,0.042,0.229,,0.375,0.312,
v9,692.0,0.0,0.0,0.0,,0.0,0.0,
v9,693.0,0.083,0.083,0.083,,0.375,0.25,
v9,694.0,0.042,0.021,0.083,,0.25,0.125,
v9,695.0,0.021,0.0,0.062,,0.125,0.062,
v9,696.0,0.021,0.021,0.021,,0.125,0.062,
v9,697.0,0.083,0.0,0.25,,0.25,0.25,
v9,698.0,0.083,0.042,0.167,,0.25,0.25,
v9,699.0,0.083,0.021,0.208,,0.25,0.25,
v9,700.0,0.062,0.062,0.062,,0.25,0.188,256.266
v9,701.0,0.0,0.0,0.0,,0.0,0.0,
v9,702.0,0.062,0.021,0.146,,0.375,0.188,
v9,703.0,0.042,0.0,0.125,,0.125,0.125,
v9,704.0,0.167,0.0,0.5,,0.5,0.5,
v9,705.0,0.062,0.042,0.104,,0.25,0.188,
v9,706.0,0.0,0.0,0.0,,0.0,0.0,
v9,707.0,0.021,0.0,0.062,,0.125,0.062,
v9,708.0,0.104,0.06,0.192,,0.5,0.312,
v9,709.0,0.083,0.021,0.208,,0.375,0.25,
v9,710.0,0.0,0.0,0.0,,0.0,0.0,
v9,711.0,0.083,0.0,0.25,,0.375,0.25,
v9,712.0,0.042,0.021,0.083,,0.125,0.125,
v9,713.0,0.062,0.021,0.146,,0.375,0.188,
v9,714.0,0.021,0.0,0.062,,0.125,0.062,
v9,715.0,0.042,0.021,0.083,,0.125,0.125,
v9,716.0,0.0,0.0,0.0,,0.0,0.0,
v9,717.0,0.021,0.021,0.021,,0.125,0.062,
v9,718.0,0.188,0.042,0.479,,0.75,0.562,
v9,719.0,0.0,0.0,0.0,,0.0,0.0,
v9,720.0,0.083,0.0,0.25,,0.375,0.25,
v9,721.0,0.083,0.021,0.208,,0.25,0.25,
v9,722.0,0.083,0.021,0.208,,0.375,0.25,
v9,723.0,0.062,0.0,0.188,,0.25,0.188,
v9,724.0,0.146,0.031,0.375,,0.5,0.438,
v9,725.0,0.021,0.0,0.062,,0.125,0.062,
v9,726.0,0.104,0.0,0.312,,0.5,0.312,
v9,727.0,0.146,0.021,0.396,,0.5,0.438,
v9,728.0,0.083,0.031,0.188,,0.25,0.25,
v9,729.0,0.104,0.021,0.271,,0.375,0.312,
v9,730.0,0.104,0.0,0.312,,0.5,0.312,
v9,731.0,0.125,0.0,0.375,,0.5,0.375,
v9,732.0,0.062,0.021,0.146,,0.25,0.188,
v9,733.0,0.062,0.0,0.188,,0.375,0.188,
v9,734.0,0.042,0.042,0.042,,0.25,0.125,
v9,735.0,0.062,0.0,0.188,,0.25,0.188,
v9,736.0,0.083,0.021,0.208,,0.25,0.25,
v9,737.0,0.104,0.021,0.271,,0.5,0.312,
v9,738.0,0.021,0.0,0.062,,0.125,0.062,
v9,739.0,0.125,0.0,0.375,,0.5,0.375,
v9,740.0,0.062,0.0,0.188,,0.25,0.188,
v9,741.0,0.125,0.062,0.25,,0.5,0.375,
v9,742.0,0.125,0.021,0.333,,0.5,0.375,
v9,743.0,0.062,0.0,0.188,,0.25,0.188,
v9,744.0,0.042,0.0,0.125,,0.25,0.125,
v9,745.0,0.083,0.042,0.167,,0.375,0.25,
v9,746.0,0.104,0.021,0.271,,0.375,0.312,
v9,747.0,0.104,0.021,0.271,,0.5,0.312,
v9,748.0,0.083,0.042,0.167,,0.375,0.25,
v9,749.0,0.125,0.021,0.333,,0.625,0.375,
v9,750.0,0.104,0.0,0.312,,0.375,0.312,422.613
v9,751.0,0.188,0.083,0.396,,0.75,0.562,
v9,752.0,0.292,0.062,0.75,,1.0,0.875,
v9,753.0,0.188,0.083,0.396,,0.75,0.562,
v9,754.0,0.146,0.062,0.312,,0.5,0.438,
v9,755.0,0.167,0.115,0.271,,0.625,0.5,
v9,756.0,0.125,0.021,0.333,,0.375,0.375,
v9,757.0,0.125,0.062,0.25,,0.5,0.375,
v9,758.0,0.146,0.021,0.396,,0.625,0.438,
v9,759.0,0.104,0.062,0.188,,0.375,0.312,
v9,760.0,0.271,0.104,0.604,,1.0,0.812,
v9,761.0,0.146,0.062,0.312,,0.5,0.438,
v9,762.0,0.167,0.117,0.266,,0.625,0.5,
v9,763.0,0.125,0.083,0.208,,0.5,0.375,
v9,764.0,0.188,0.086,0.391,,0.625,0.562,
v9,765.0,0.167,0.073,0.354,,0.625,0.5,
v9,766.0,0.167,0.104,0.292,,0.5,0.5,
v9,767.0,0.125,0.065,0.245,,0.5,0.375,
v9,768.0,0.188,0.021,0.521,,0.75,0.562,
v9,769.0,0.146,0.042,0.354,,0.625,0.438,
v9,770.0,0.062,0.021,0.146,,0.25,0.188,
v9,771.0,0.146,0.031,0.375,,0.625,0.438,
v9,772.0,0.188,0.073,0.417,,0.625,0.562,
v9,773.0,0.188,0.062,0.438,,0.625,0.562,
v9,774.0,0.104,0.031,0.25,,0.5,0.312,
v9,775.0,0.146,0.073,0.292,,0.625,0.438,
v9,776.0,0.125,0.083,0.208,,0.5,0.375,
v9,777.0,0.188,0.152,0.259,,0.75,0.562,
v9,778.0,0.167,0.082,0.336,,0.625,0.5,
v9,779.0,0.125,0.076,0.223,,0.75,0.375,
v9,780.0,0.167,0.042,0.417,,0.5,0.5,
v9,781.0,0.125,0.062,0.25,,0.5,0.375,
v9,782.0,0.021,0.031,0.0,,0.125,0.062,
v9,783.0,0.062,0.0,0.188,,0.375,0.188,
v9,784.0,0.062,0.052,0.083,,0.375,0.188,
v9,785.0,0.062,0.042,0.104,,0.25,0.188,
v9,786.0,0.146,0.145,0.148,,0.625,0.438,
v9,787.0,0.062,0.038,0.111,,0.25,0.188,
v9,788.0,0.083,0.021,0.208,,0.25,0.25,
v9,789.0,0.104,0.052,0.208,,0.375,0.312,
v9,790.0,0.083,0.0,0.25,,0.25,0.25,
v9,791.0,0.104,0.113,0.086,,0.375,0.312,
v9,792.0,0.146,0.115,0.208,,0.5,0.438,
v9,793.0,0.062,0.0,0.188,,0.25,0.188,
v9,794.0,0.083,0.083,0.083,,0.375,0.25,
v9,795.0,0.083,0.031,0.188,,0.375,0.25,
v9,796.0,0.083,0.021,0.208,,0.375,0.25,
v9,797.0,0.021,0.021,0.021,,0.125,0.062,
v9,798.0,0.104,0.061,0.19,,0.375,0.312,
v9,799.0,0.062,0.061,0.065,,0.375,0.188,
v9,800.0,0.188,0.094,0.375,,0.75,0.562,476.869
v10,1.0,0.141,0.221,0.06,,0.875,0.562,
v10,2.0,0.125,0.187,0.063,,0.625,0.5,
v10,3.0,0.125,0.172,0.078,,0.625,0.5,
v10,4.0,0.031,0.041,0.022,,0.125,0.125,
v10,5.0,0.125,0.173,0.077,,0.75,0.5,
v10,6.0,0.156,0.216,0.097,,0.625,0.625,
v10,7.0,0.141,0.191,0.09,,0.75,0.562,
v10,8.0,0.141,0.196,0.085,,0.75,0.562,
v10,9.0,0.141,0.199,0.082,,0.75,0.562,
v10,10.0,0.141,0.201,0.081,,0.625,0.562,
v10,11.0,0.203,0.287,0.119,,1.0,0.812,
v10,12.0,0.078,0.109,0.047,,0.375,0.312,
v10,13.0,0.031,0.041,0.022,,0.125,0.125,
v10,14.0,0.141,0.196,0.085,,0.75,0.562,
v10,15.0,0.109,0.151,0.068,,0.5,0.438,
v10,16.0,0.047,0.074,0.019,,0.375,0.188,
v10,17.0,0.062,0.084,0.041,,0.25,0.25,
v10,18.0,0.094,0.132,0.056,,0.375,0.375,
v10,19.0,0.094,0.124,0.063,,0.5,0.375,
v10,20.0,0.109,0.145,0.074,,0.5,0.438,
v10,21.0,0.094,0.14,0.047,,0.5,0.375,
v10,22.0,0.047,0.063,0.03,,0.25,0.188,
v10,23.0,0.141,0.192,0.089,,0.875,0.562,
v10,24.0,0.125,0.18,0.07,,0.75,0.5,
v10,25.0,0.062,0.088,0.037,,0.375,0.25,
v10,26.0,0.125,0.187,0.063,,0.5,0.5,
v10,27.0,0.156,0.211,0.102,,0.75,0.625,
v10,28.0,0.109,0.15,0.069,,0.5,0.438,
v10,29.0,0.047,0.061,0.033,,0.25,0.188,
v10,30.0,0.125,0.186,0.064,,0.625,0.5,
v10,31.0,0.109,0.146,0.072,,0.5,0.438,
v10,32.0,0.141,0.202,0.079,,0.75,0.562,
v10,33.0,0.109,0.162,0.056,,0.5,0.438,
v10,34.0,0.156,0.23,0.082,,0.75,0.625,
v10,35.0,0.172,0.261,0.082,,0.875,0.688,
v10,36.0,0.125,0.184,0.066,,0.75,0.5,
v10,37.0,0.109,0.151,0.068,,0.625,0.438,
v10,38.0,0.125,0.18,0.07,,0.75,0.5,
v10,39.0,0.156,0.214,0.098,,0.75,0.625,
v10,40.0,0.078,0.103,0.053,,0.375,0.312,
v10,41.0,0.125,0.175,0.075,,0.625,0.5,
v10,42.0,0.125,0.179,0.071,,0.625,0.5,
v10,43.0,0.078,0.115,0.041,,0.5,0.312,
v10,44.0,0.078,0.111,0.046,,0.625,0.312,
v10,45.0,0.062,0.094,0.031,,0.5,0.25,
v10,46.0,0.125,0.178,0.072,,0.625,0.5,
v10,47.0,0.031,0.052,0.01,,0.25,0.125,
v10,48.0,0.078,0.104,0.052,,0.5,0.312,
v10,49.0,0.062,0.087,0.038,,0.25,0.25,
v10,50.0,0.078,0.105,0.051,,0.5,0.312,
v10,51.0,0.203,0.291,0.115,,0.875,0.812,
v10,52.0,0.078,0.119,0.038,,0.375,0.312,
v10,53.0,0.188,0.262,0.113,,0.875,0.75,
v10,54.0,0.141,0.191,0.09,,0.75,0.562,
v10,55.0,0.141,0.198,0.083,,0.75,0.562,
v10,56.0,0.062,0.107,0.018,,0.375,0.25,
v10,57.0,0.109,0.157,0.062,,0.5,0.438,
v10,58.0,0.078,0.104,0.053,,0.625,0.312,
v10,59.0,0.172,0.25,0.094,,0.75,0.688,
v10,60.0,0.109,0.162,0.057,,0.75,0.438,
v10,61.0,0.156,0.212,0.101,,0.75,0.625,
v10,62.0,0.094,0.134,0.053,,0.5,0.375,
v10,63.0,0.188,0.269,0.106,,0.875,0.75,
v10,64.0,0.125,0.173,0.077,,0.75,0.5,
v10,65.0,0.094,0.147,0.041,,0.625,0.375,
v10,66.0,0.094,0.137,0.05,,0.5,0.375,
v10,67.0,0.109,0.151,0.068,,0.5,0.438,
v10,68.0,0.109,0.15,0.069,,0.625,0.438,
v10,69.0,0.109,0.158,0.06,,0.625,0.438,
v10,70.0,0.156,0.228,0.085,,0.75,0.625,
v10,71.0,0.125,0.18,0.07,,0.625,0.5,
v10,72.0,0.172,0.237,0.107,,0.875,0.688,
v10,73.0,0.219,0.304,0.133,,1.0,0.875,
v10,74.0,0.141,0.197,0.084,,0.625,0.562,
v10,75.0,0.078,0.107,0.05,,0.5,0.312,
v10,76.0,0.109,0.15,0.069,,0.5,0.438,
v10,77.0,0.078,0.109,0.047,,0.375,0.312,
v10,78.0,0.109,0.149,0.07,,0.5,0.438,
v10,79.0,0.109,0.157,0.061,,0.5,0.438,
v10,80.0,0.141,0.189,0.093,,0.625,0.562,
v10,81.0,0.125,0.18,0.07,,0.625,0.5,
v10,82.0,0.078,0.112,0.044,,0.375,0.312,
v10,83.0,0.141,0.22,0.061,,0.625,0.562,
v10,84.0,0.094,0.129,0.058,,0.5,0.375,
v10,85.0,0.109,0.158,0.061,,0.625,0.438,
v10,86.0,0.125,0.166,0.084,,0.625,0.5,
v10,87.0,0.031,0.043,0.019,,0.125,0.125,
v10,88.0,0.109,0.153,0.066,,0.625,0.438,
v10,89.0,0.125,0.166,0.084,,0.625,0.5,
v10,90.0,0.094,0.131,0.056,,0.375,0.375,
v10,91.0,0.156,0.227,0.086,,0.75,0.625,
v10,92.0,0.141,0.196,0.085,,0.625,0.562,
v10,93.0,0.125,0.201,0.049,,0.625,0.5,
v10,94.0,0.125,0.179,0.071,,0.5,0.5,
v10,95.0,0.078,0.106,0.05,,0.375,0.312,
v10,96.0,0.156,0.231,0.082,,0.875,0.625,
v10,97.0,0.172,0.238,0.106,,0.75,0.688,
v10,98.0,0.125,0.189,0.061,,0.75,0.5,
v10,99.0,0.141,0.208,0.074,,0.75,0.562,
v10,100.0,0.047,0.064,0.03,,0.375,0.188,454.156
v10,101.0,0.125,0.173,0.077,,0.5,0.5,
v10,102.0,0.125,0.2,0.05,,0.625,0.5,
v10,103.0,0.062,0.083,0.042,,0.5,0.25,
v10,104.0,0.188,0.252,0.123,,0.875,0.75,
v10,105.0,0.125,0.181,0.069,,0.625,0.5,
v10,106.0,0.078,0.106,0.05,,0.375,0.312,
v10,107.0,0.047,0.063,0.03,,0.375,0.188,
v10,108.0,0.094,0.129,0.059,,0.5,0.375,
v10,109.0,0.203,0.288,0.119,,0.875,0.812,
v10,110.0,0.078,0.107,0.049,,0.375,0.312,
v10,111.0,0.156,0.222,0.09,,0.625,0.625,
v10,112.0,0.109,0.158,0.06,,0.5,0.438,
v10,113.0,0.031,0.041,0.022,,0.125,0.125,
v10,114.0,0.062,0.089,0.036,,0.375,0.25,
v10,115.0,0.188,0.28,0.095,,0.875,0.75,
v10,116.0,0.062,0.083,0.042,,0.375,0.25,
v10,117.0,0.156,0.221,0.091,,0.75,0.625,
v10,118.0,0.219,0.313,0.125,,0.875,0.875,
v10,119.0,0.109,0.154,0.065,,0.5,0.438,
v10,120.0,0.062,0.084,0.041,,0.5,0.25,
v10,121.0,0.016,0.023,0.008,,0.125,0.062,
v10,122.0,0.078,0.109,0.047,,0.5,0.312,
v10,123.0,0.094,0.148,0.039,,0.625,0.375,
v10,124.0,0.109,0.153,0.066,,0.625,0.438,
v10,125.0,0.031,0.052,0.011,,0.125,0.125,
v10,126.0,0.125,0.173,0.077,,0.625,0.5,
v10,127.0,0.109,0.154,0.065,,0.5,0.438,
v10,128.0,0.188,0.267,0.108,,0.875,0.75,
v10,129.0,0.094,0.137,0.051,,0.5,0.375,
v10,130.0,0.094,0.134,0.054,,0.375,0.375,
v10,131.0,0.078,0.102,0.055,,0.375,0.312,
v10,132.0,0.156,0.233,0.08,,0.75,0.625,
v10,133.0,0.062,0.084,0.041,,0.25,0.25,
v10,134.0,0.078,0.115,0.041,,0.375,0.312,
v10,135.0,0.109,0.161,0.058,,0.625,0.438,
v10,136.0,0.125,0.203,0.047,,0.625,0.5,
v10,137.0,0.109,0.148,0.07,,0.5,0.438,
v10,138.0,0.094,0.149,0.039,,0.375,0.375,
v10,139.0,0.094,0.129,0.059,,0.5,0.375,
v10,140.0,0.141,0.224,0.057,,0.625,0.562,
v10,141.0,0.078,0.126,0.03,,0.375,0.312,
v10,142.0,0.125,0.188,0.062,,0.5,0.5,
v10,143.0,0.109,0.164,0.055,,0.5,0.438,
v10,144.0,0.062,0.114,0.011,,0.375,0.25,
v10,145.0,0.125,0.22,0.03,,0.625,0.5,
v10,146.0,0.078,0.14,0.017,,0.5,0.312,
v10,147.0,0.016,0.02,0.011,,0.125,0.062,
v10,148.0,0.047,0.094,0.0,,0.25,0.188,
v10,149.0,0.031,0.054,0.008,,0.25,0.125,
v10,150.0,0.031,0.052,0.011,,0.125,0.125,
v10,151.0,0.078,0.148,0.008,,0.5,0.312,
v10,152.0,0.078,0.137,0.019,,0.5,0.312,
v10,153.0,0.062,0.114,0.011,,0.375,0.25,
v10,154.0,0.078,0.104,0.052,,0.375,0.312,
v10,155.0,0.031,0.043,0.019,,0.125,0.125,
v10,156.0,0.094,0.177,0.011,,0.5,0.375,
v10,157.0,0.062,0.114,0.011,,0.5,0.25,
v10,158.0,0.109,0.181,0.038,,0.625,0.438,
v10,159.0,0.094,0.157,0.03,,0.5,0.375,
v10,160.0,0.094,0.149,0.038,,0.375,0.375,
v10,161.0,0.062,0.114,0.011,,0.25,0.25,
v10,162.0,0.047,0.066,0.027,,0.25,0.188,
v10,163.0,0.078,0.134,0.022,,0.375,0.312,
v10,164.0,0.031,0.052,0.011,,0.25,0.125,
v10,165.0,0.094,0.13,0.058,,0.5,0.375,
v10,166.0,0.031,0.062,0.0,,0.125,0.125,
v10,167.0,0.141,0.251,0.03,,0.75,0.562,
v10,168.0,0.109,0.182,0.037,,0.5,0.438,
v10,169.0,0.125,0.209,0.041,,0.625,0.5,
v10,170.0,0.094,0.146,0.041,,0.5,0.375,
v10,171.0,0.062,0.106,0.019,,0.375,0.25,
v10,172.0,0.094,0.155,0.033,,0.75,0.375,
v10,173.0,0.141,0.202,0.08,,0.625,0.562,
v10,174.0,0.125,0.179,0.071,,0.625,0.5,
v10,175.0,0.156,0.239,0.074,,0.75,0.625,
v10,176.0,0.078,0.123,0.033,,0.5,0.312,
v10,177.0,0.078,0.14,0.017,,0.5,0.312,
v10,178.0,0.094,0.16,0.028,,0.5,0.375,
v10,179.0,0.141,0.199,0.082,,0.625,0.562,
v10,180.0,0.141,0.212,0.069,,0.625,0.562,
v10,181.0,0.094,0.131,0.057,,0.5,0.375,
v10,182.0,0.125,0.202,0.048,,0.5,0.5,
v10,183.0,0.094,0.14,0.047,,0.5,0.375,
v10,184.0,0.125,0.206,0.044,,0.625,0.5,
v10,185.0,0.094,0.148,0.04,,0.375,0.375,
v10,186.0,0.109,0.164,0.055,,0.5,0.438,
v10,187.0,0.047,0.063,0.03,,0.25,0.188,
v10,188.0,0.031,0.052,0.011,,0.25,0.125,
v10,189.0,0.062,0.081,0.044,,0.5,0.25,
v10,190.0,0.172,0.242,0.102,,0.75,0.688,
v10,191.0,0.094,0.138,0.049,,0.625,0.375,
v10,192.0,0.094,0.135,0.053,,0.5,0.375,
v10,193.0,0.156,0.216,0.096,,0.75,0.625,
v10,194.0,0.125,0.166,0.084,,0.5,0.5,
v10,195.0,0.188,0.27,0.105,,1.0,0.75,
v10,196.0,0.109,0.165,0.054,,0.625,0.438,
v10,197.0,0.141,0.221,0.06,,0.625,0.562,
v10,198.0,0.062,0.081,0.044,,0.375,0.25,
v10,199.0,0.156,0.236,0.077,,0.75,0.625,
v10,200.0,0.172,0.231,0.112,,0.875,0.688,525.348
v10,201.0,0.125,0.187,0.063,,0.5,0.5,
v10,202.0,0.094,0.135,0.052,,0.5,0.375,
v10,203.0,0.109,0.168,0.051,,0.5,0.438,
v10,204.0,0.156,0.266,0.047,,0.75,0.625,
v10,205.0,0.062,0.093,0.032,,0.375,0.25,
v10,206.0,0.109,0.16,0.059,,0.625,0.438,
v10,207.0,0.094,0.138,0.05,,0.5,0.375,
v10,208.0,0.062,0.086,0.039,,0.375,0.25,
v10,209.0,0.109,0.157,0.062,,0.75,0.438,
v10,210.0,0.031,0.043,0.019,,0.25,0.125,
v10,211.0,0.031,0.062,0.0,,0.25,0.125,
v10,212.0,0.109,0.15,0.069,,0.5,0.438,
v10,213.0,0.125,0.177,0.073,,0.625,0.5,
v10,214.0,0.062,0.084,0.041,,0.5,0.25,
v10,215.0,0.109,0.151,0.068,,0.75,0.438,
v10,216.0,0.094,0.122,0.066,,0.5,0.375,
v10,217.0,0.141,0.197,0.084,,0.625,0.562,
v10,218.0,0.047,0.066,0.028,,0.25,0.188,
v10,219.0,0.094,0.129,0.059,,0.5,0.375,
v10,220.0,0.156,0.249,0.063,,0.875,0.625,
v10,221.0,0.156,0.22,0.092,,0.875,0.625,
v10,222.0,0.188,0.271,0.104,,0.875,0.75,
v10,223.0,0.125,0.169,0.081,,0.5,0.5,
v10,224.0,0.156,0.221,0.091,,0.75,0.625,
v10,225.0,0.094,0.129,0.059,,0.625,0.375,
v10,226.0,0.094,0.127,0.06,,0.375,0.375,
v10,227.0,0.109,0.153,0.066,,0.5,0.438,
v10,228.0,0.141,0.195,0.086,,0.625,0.562,
v10,229.0,0.047,0.062,0.032,,0.25,0.188,
v10,230.0,0.141,0.194,0.088,,0.75,0.562,
v10,231.0,0.078,0.106,0.051,,0.5,0.312,
v10,232.0,0.156,0.224,0.089,,0.75,0.625,
v10,233.0,0.188,0.252,0.123,,0.875,0.75,
v10,234.0,0.125,0.18,0.07,,0.625,0.5,
v10,235.0,0.078,0.125,0.031,,0.375,0.312,
v10,236.0,0.062,0.092,0.033,,0.25,0.25,
v10,237.0,0.141,0.199,0.083,,0.625,0.562,
v10,238.0,0.109,0.153,0.066,,0.5,0.438,
v10,239.0,0.094,0.139,0.048,,0.5,0.375,
v10,240.0,0.109,0.167,0.052,,0.625,0.438,
v10,241.0,0.109,0.146,0.072,,0.625,0.438,
v10,242.0,0.078,0.116,0.04,,0.5,0.312,
v10,243.0,0.156,0.233,0.079,,0.875,0.625,
v10,244.0,0.156,0.234,0.079,,0.75,0.625,
v10,245.0,0.125,0.176,0.074,,0.75,0.5,
v10,246.0,0.156,0.244,0.069,,0.75,0.625,
v10,247.0,0.125,0.186,0.064,,0.75,0.5,
v10,248.0,0.141,0.207,0.074,,0.75,0.562,
v10,249.0,0.125,0.208,0.042,,0.625,0.5,
v10,250.0,0.094,0.157,0.03,,0.625,0.375,345.364
v10,251.0,0.125,0.225,0.025,,0.625,0.5,
v10,252.0,0.141,0.199,0.082,,0.625,0.562,
v10,253.0,0.062,0.106,0.019,,0.375,0.25,
v10,254.0,0.078,0.115,0.041,,0.5,0.312,
v10,255.0,0.062,0.095,0.03,,0.375,0.25,
v10,256.0,0.109,0.178,0.041,,0.625,0.438,
v10,257.0,0.062,0.092,0.033,,0.375,0.25,
v10,258.0,0.062,0.087,0.038,,0.375,0.25,
v10,259.0,0.141,0.205,0.076,,0.625,0.562,
v10,260.0,0.062,0.114,0.011,,0.375,0.25,
v10,261.0,0.078,0.107,0.049,,0.375,0.312,
v10,262.0,0.109,0.153,0.066,,0.5,0.438,
v10,263.0,0.031,0.062,0.0,,0.25,0.125,
v10,264.0,0.109,0.172,0.047,,0.5,0.438,
v10,265.0,0.094,0.132,0.055,,0.5,0.375,
v10,266.0,0.109,0.153,0.066,,0.625,0.438,
v10,267.0,0.062,0.093,0.032,,0.5,0.25,
v10,268.0,0.125,0.179,0.071,,0.5,0.5,
v10,269.0,0.047,0.075,0.019,,0.375,0.188,
v10,270.0,0.141,0.196,0.085,,0.75,0.562,
v10,271.0,0.141,0.204,0.077,,0.625,0.562,
v10,272.0,0.156,0.244,0.069,,0.75,0.625,
v10,273.0,0.125,0.184,0.066,,0.625,0.5,
v10,274.0,0.094,0.131,0.056,,0.5,0.375,
v10,275.0,0.125,0.19,0.06,,0.625,0.5,
v10,276.0,0.141,0.201,0.08,,0.75,0.562,
v10,277.0,0.016,0.02,0.011,,0.125,0.062,
v10,278.0,0.109,0.186,0.033,,0.625,0.438,
v10,279.0,0.125,0.188,0.062,,0.75,0.5,
v10,280.0,0.109,0.151,0.068,,0.5,0.438,
v10,281.0,0.156,0.236,0.076,,0.75,0.625,
v10,282.0,0.125,0.177,0.073,,0.625,0.5,
v10,283.0,0.109,0.164,0.055,,0.5,0.438,
v10,284.0,0.141,0.201,0.081,,0.625,0.562,
v10,285.0,0.078,0.114,0.042,,0.375,0.312,
v10,286.0,0.109,0.15,0.069,,0.5,0.438,
v10,287.0,0.141,0.19,0.091,,0.625,0.562,
v10,288.0,0.062,0.097,0.028,,0.375,0.25,
v10,289.0,0.094,0.129,0.059,,0.375,0.375,
v10,290.0,0.125,0.192,0.058,,0.625,0.5,
v10,291.0,0.094,0.157,0.03,,0.625,0.375,
v10,292.0,0.109,0.153,0.066,,0.5,0.438,
v10,293.0,0.141,0.193,0.089,,0.75,0.562,
v10,294.0,0.141,0.201,0.08,,0.625,0.562,
v10,295.0,0.109,0.146,0.073,,0.625,0.438,
v10,296.0,0.062,0.098,0.027,,0.5,0.25,
v10,297.0,0.156,0.224,0.088,,0.75,0.625,
v10,298.0,0.172,0.244,0.1,,0.75,0.688,
v10,299.0,0.109,0.151,0.068,,0.5,0.438,
v10,300.0,0.078,0.107,0.049,,0.5,0.312,508.465
v10,301.0,0.172,0.246,0.098,,0.875,0.688,
v10,302.0,0.078,0.118,0.039,,0.5,0.312,
v10,303.0,0.141,0.197,0.085,,0.875,0.562,
v10,304.0,0.109,0.161,0.057,,0.625,0.438,
v10,305.0,0.094,0.138,0.049,,0.5,0.375,
v10,306.0,0.141,0.202,0.079,,0.75,0.562,
v10,307.0,0.125,0.174,0.076,,0.625,0.5,
v10,308.0,0.141,0.188,0.093,,0.625,0.562,
v10,309.0,0.094,0.128,0.06,,0.5,0.375,
v10,310.0,0.094,0.135,0.052,,0.375,0.375,
v10,311.0,0.172,0.242,0.102,,0.875,0.688,
v10,312.0,0.125,0.184,0.066,,0.75,0.5,
v10,313.0,0.156,0.213,0.099,,0.875,0.625,
v10,314.0,0.172,0.238,0.106,,0.875,0.688,
v10,315.0,0.141,0.186,0.095,,0.625,0.562,
v10,316.0,0.125,0.193,0.057,,0.5,0.5,
v10,317.0,0.219,0.306,0.131,,1.0,0.875,
v10,318.0,0.125,0.169,0.081,,0.625,0.5,
v10,319.0,0.156,0.233,0.079,,0.75,0.625,
v10,320.0,0.125,0.183,0.067,,0.625,0.5,
v10,321.0,0.047,0.064,0.029,,0.25,0.188,
v10,322.0,0.125,0.172,0.078,,0.625,0.5,
v10,323.0,0.094,0.129,0.059,,0.5,0.375,
v10,324.0,0.141,0.202,0.08,,0.75,0.562,
v10,325.0,0.141,0.198,0.083,,0.625,0.562,
v10,326.0,0.172,0.239,0.105,,0.75,0.688,
v10,327.0,0.141,0.196,0.085,,0.625,0.562,
v10,328.0,0.156,0.217,0.096,,0.75,0.625,
v10,329.0,0.094,0.139,0.048,,0.5,0.375,
v10,330.0,0.016,0.02,0.011,,0.125,0.062,
v10,331.0,0.109,0.153,0.066,,0.625,0.438,
v10,332.0,0.156,0.227,0.085,,0.75,0.625,
v10,333.0,0.094,0.129,0.059,,0.375,0.375,
v10,334.0,0.109,0.151,0.067,,0.625,0.438,
v10,335.0,0.078,0.121,0.035,,0.375,0.312,
v10,336.0,0.172,0.262,0.081,,1.0,0.688,
v10,337.0,0.062,0.081,0.044,,0.25,0.25,
v10,338.0,0.141,0.213,0.069,,0.75,0.562,
v10,339.0,0.109,0.146,0.073,,0.5,0.438,
v10,340.0,0.188,0.255,0.12,,0.875,0.75,
v10,341.0,0.156,0.217,0.096,,0.75,0.625,
v10,342.0,0.047,0.062,0.032,,0.25,0.188,
v10,343.0,0.125,0.172,0.078,,0.625,0.5,
v10,344.0,0.094,0.131,0.057,,0.5,0.375,
v10,345.0,0.156,0.227,0.085,,0.75,0.625,
v10,346.0,0.094,0.126,0.061,,0.5,0.375,
v10,347.0,0.141,0.201,0.08,,0.625,0.562,
v10,348.0,0.109,0.16,0.059,,0.5,0.438,
v10,349.0,0.141,0.202,0.08,,0.75,0.562,
v10,350.0,0.125,0.175,0.075,,0.625,0.5,481.801
v10,351.0,0.016,0.02,0.011,,0.125,0.062,
v10,352.0,0.141,0.192,0.089,,0.625,0.562,
v10,353.0,0.188,0.258,0.117,,0.875,0.75,
v10,354.0,0.188,0.272,0.103,,0.875,0.75,
v10,355.0,0.188,0.269,0.106,,0.75,0.75,
v10,356.0,0.156,0.225,0.087,,0.75,0.625,
v10,357.0,0.125,0.174,0.076,,0.625,0.5,
v10,358.0,0.141,0.208,0.073,,0.625,0.562,
v10,359.0,0.125,0.182,0.068,,0.5,0.5,
v10,360.0,0.094,0.124,0.063,,0.375,0.375,
v10,361.0,0.172,0.254,0.09,,0.75,0.688,
v10,362.0,0.141,0.211,0.07,,0.625,0.562,
v10,363.0,0.188,0.288,0.087,,0.875,0.75,
v10,364.0,0.109,0.147,0.072,,0.5,0.438,
v10,365.0,0.141,0.196,0.085,,0.75,0.562,
v10,366.0,0.188,0.272,0.103,,0.875,0.75,
v10,367.0,0.156,0.233,0.079,,0.75,0.625,
v10,368.0,0.062,0.088,0.037,,0.5,0.25,
v10,369.0,0.156,0.213,0.1,,0.875,0.625,
v10,370.0,0.156,0.228,0.085,,0.875,0.625,
v10,371.0,0.094,0.126,0.061,,0.5,0.375,
v10,372.0,0.188,0.268,0.107,,0.875,0.75,
v10,373.0,0.125,0.189,0.061,,0.625,0.5,
v10,374.0,0.094,0.128,0.059,,0.5,0.375,
v10,375.0,0.156,0.215,0.097,,0.625,0.625,
v10,376.0,0.188,0.257,0.118,,0.875,0.75,
v10,377.0,0.172,0.245,0.099,,0.75,0.688,
v10,378.0,0.062,0.089,0.036,,0.25,0.25,
v10,379.0,0.156,0.233,0.079,,0.75,0.625,
v10,380.0,0.141,0.196,0.086,,0.75,0.562,
v10,381.0,0.156,0.212,0.1,,0.75,0.625,
v10,382.0,0.156,0.223,0.09,,0.75,0.625,
v10,383.0,0.125,0.169,0.081,,0.5,0.5,
v10,384.0,0.172,0.241,0.103,,0.75,0.688,
v10,385.0,0.141,0.21,0.071,,0.625,0.562,
v10,386.0,0.094,0.129,0.059,,0.5,0.375,
v10,387.0,0.172,0.23,0.114,,0.75,0.688,
v10,388.0,0.156,0.24,0.072,,0.875,0.625,
v10,389.0,0.094,0.128,0.06,,0.625,0.375,
v10,390.0,0.203,0.287,0.119,,1.0,0.812,
v10,391.0,0.172,0.234,0.109,,0.75,0.688,
v10,392.0,0.125,0.182,0.068,,0.625,0.5,
v10,393.0,0.141,0.19,0.091,,0.75,0.562,
v10,394.0,0.156,0.216,0.097,,0.625,0.625,
v10,395.0,0.172,0.244,0.099,,0.875,0.688,
v10,396.0,0.172,0.252,0.092,,0.75,0.688,
v10,397.0,0.125,0.178,0.072,,0.5,0.5,
v10,398.0,0.172,0.248,0.096,,0.875,0.688,
v10,399.0,0.188,0.276,0.099,,0.875,0.75,
v10,400.0,0.109,0.151,0.068,,0.5,0.438,493.381
v10,401.0,0.109,0.161,0.058,,0.625,0.438,
v10,402.0,0.109,0.169,0.05,,0.5,0.438,
v10,403.0,0.078,0.118,0.038,,0.375,0.312,
v10,404.0,0.234,0.323,0.146,,1.0,0.938,
v10,405.0,0.078,0.12,0.036,,0.375,0.312,
v10,406.0,0.109,0.157,0.061,,0.5,0.438,
v10,407.0,0.109,0.152,0.067,,0.5,0.438,
v10,408.0,0.156,0.226,0.086,,0.625,0.625,
v10,409.0,0.109,0.144,0.075,,0.5,0.438,
v10,410.0,0.172,0.245,0.098,,0.875,0.688,
v10,411.0,0.125,0.179,0.071,,0.75,0.5,
v10,412.0,0.109,0.177,0.042,,0.625,0.438,
v10,413.0,0.125,0.188,0.062,,0.625,0.5,
v10,414.0,0.156,0.219,0.094,,0.75,0.625,
v10,415.0,0.219,0.319,0.118,,1.0,0.875,
v10,416.0,0.156,0.214,0.098,,0.75,0.625,
v10,417.0,0.156,0.235,0.077,,0.625,0.625,
v10,418.0,0.188,0.267,0.108,,0.75,0.75,
v10,419.0,0.203,0.303,0.103,,0.875,0.812,
v10,420.0,0.156,0.222,0.09,,0.75,0.625,
v10,421.0,0.203,0.286,0.12,,0.875,0.812,
v10,422.0,0.047,0.061,0.033,,0.25,0.188,
v10,423.0,0.219,0.304,0.134,,1.0,0.875,
v10,424.0,0.125,0.185,0.065,,0.75,0.5,
v10,425.0,0.156,0.211,0.101,,0.75,0.625,
v10,426.0,0.125,0.171,0.079,,0.625,0.5,
v10,427.0,0.172,0.236,0.108,,0.875,0.688,
v10,428.0,0.125,0.175,0.075,,0.5,0.5,
v10,429.0,0.141,0.19,0.091,,0.625,0.562,
v10,430.0,0.234,0.334,0.135,,1.0,0.938,
v10,431.0,0.141,0.201,0.08,,0.625,0.562,
v10,432.0,0.109,0.166,0.052,,0.625,0.438,
v10,433.0,0.109,0.161,0.058,,0.5,0.438,
v10,434.0,0.219,0.307,0.13,,0.875,0.875,
v10,435.0,0.156,0.215,0.097,,0.75,0.625,
v10,436.0,0.094,0.128,0.06,,0.5,0.375,
v10,437.0,0.094,0.13,0.057,,0.5,0.375,
v10,438.0,0.156,0.222,0.091,,0.75,0.625,
v10,439.0,0.141,0.212,0.069,,0.75,0.562,
v10,440.0,0.156,0.233,0.08,,0.625,0.625,
v10,441.0,0.156,0.214,0.099,,0.75,0.625,
v10,442.0,0.125,0.186,0.064,,0.5,0.5,
v10,443.0,0.188,0.258,0.117,,0.75,0.75,
v10,444.0,0.156,0.231,0.081,,0.625,0.625,
v10,445.0,0.078,0.102,0.054,,0.375,0.312,
v10,446.0,0.125,0.179,0.071,,0.75,0.5,
v10,447.0,0.125,0.169,0.081,,0.625,0.5,
v10,448.0,0.156,0.224,0.089,,0.75,0.625,
v10,449.0,0.203,0.283,0.123,,0.875,0.812,
v10,450.0,0.078,0.105,0.051,,0.5,0.312,520.283
v10,451.0,0.141,0.2,0.082,,0.75,0.562,
v10,452.0,0.156,0.24,0.072,,0.75,0.625,
v10,453.0,0.078,0.118,0.038,,0.5,0.312,
v10,454.0,0.219,0.325,0.112,,0.875,0.875,
v10,455.0,0.109,0.152,0.067,,0.5,0.438,
v10,456.0,0.141,0.208,0.073,,0.625,0.562,
v10,457.0,0.203,0.273,0.134,,0.875,0.812,
v10,458.0,0.125,0.18,0.07,,0.5,0.5,
v10,459.0,0.172,0.247,0.097,,0.75,0.688,
v10,460.0,0.141,0.204,0.077,,0.625,0.562,
v10,461.0,0.141,0.196,0.085,,0.625,0.562,
v10,462.0,0.156,0.217,0.095,,0.75,0.625,
v10,463.0,0.141,0.206,0.075,,0.625,0.562,
v10,464.0,0.141,0.217,0.064,,0.625,0.562,
v10,465.0,0.188,0.27,0.105,,0.875,0.75,
v10,466.0,0.141,0.198,0.083,,0.625,0.562,
v10,467.0,0.094,0.132,0.055,,0.5,0.375,
v10,468.0,0.156,0.214,0.098,,0.875,0.625,
v10,469.0,0.188,0.278,0.097,,0.875,0.75,
v10,470.0,0.125,0.181,0.069,,0.75,0.5,
v10,471.0,0.172,0.24,0.104,,0.75,0.688,
v10,472.0,0.156,0.227,0.086,,0.625,0.625,
v10,473.0,0.203,0.293,0.114,,0.875,0.812,
v10,474.0,0.156,0.213,0.1,,0.75,0.625,
v10,475.0,0.172,0.246,0.098,,0.75,0.688,
v10,476.0,0.156,0.223,0.089,,0.75,0.625,
v10,477.0,0.141,0.189,0.092,,0.625,0.562,
v10,478.0,0.078,0.104,0.052,,0.375,0.312,
v10,479.0,0.125,0.188,0.062,,0.625,0.5,
v10,480.0,0.172,0.241,0.103,,0.75,0.688,
v10,481.0,0.125,0.174,0.076,,0.625,0.5,
v10,482.0,0.156,0.216,0.097,,0.75,0.625,
v10,483.0,0.125,0.174,0.076,,0.5,0.5,
v10,484.0,0.125,0.171,0.079,,0.625,0.5,
v10,485.0,0.125,0.182,0.068,,0.75,0.5,
v10,486.0,0.109,0.148,0.071,,0.625,0.438,
v10,487.0,0.062,0.082,0.043,,0.25,0.25,
v10,488.0,0.141,0.192,0.089,,0.625,0.562,
v10,489.0,0.188,0.263,0.112,,0.875,0.75,
v10,490.0,0.188,0.26,0.115,,0.875,0.75,
v10,491.0,0.188,0.275,0.1,,0.875,0.75,
v10,492.0,0.109,0.161,0.058,,0.5,0.438,
v10,493.0,0.125,0.174,0.076,,0.5,0.5,
v10,494.0,0.109,0.148,0.071,,0.5,0.438,
v10,495.0,0.078,0.104,0.052,,0.375,0.312,
v10,496.0,0.172,0.243,0.101,,0.75,0.688,
v10,497.0,0.109,0.15,0.068,,0.5,0.438,
v10,498.0,0.109,0.155,0.064,,0.75,0.438,
v10,499.0,0.172,0.242,0.102,,0.75,0.688,
v10,500.0,0.141,0.201,0.081,,0.75,0.562,450.155
v10,501.0,0.156,0.216,0.096,,0.75,0.625,
v10,502.0,0.125,0.175,0.075,,0.625,0.5,
v10,503.0,0.125,0.181,0.069,,0.625,0.5,
v10,504.0,0.188,0.269,0.106,,0.875,0.75,
v10,505.0,0.125,0.19,0.06,,0.875,0.5,
v10,506.0,0.078,0.106,0.05,,0.375,0.312,
v10,507.0,0.109,0.155,0.064,,0.5,0.438,
v10,508.0,0.172,0.241,0.102,,0.875,0.688,
v10,509.0,0.062,0.086,0.039,,0.375,0.25,
v10,510.0,0.156,0.214,0.099,,0.75,0.625,
v10,511.0,0.141,0.213,0.068,,0.625,0.562,
v10,512.0,0.141,0.193,0.089,,0.625,0.562,
v10,513.0,0.203,0.284,0.122,,1.0,0.812,
v10,514.0,0.188,0.271,0.104,,0.875,0.75,
v10,515.0,0.094,0.146,0.041,,0.5,0.375,
v10,516.0,0.078,0.104,0.052,,0.375,0.312,
v10,517.0,0.078,0.104,0.052,,0.375,0.312,
v10,518.0,0.125,0.197,0.053,,0.625,0.5,
v10,519.0,0.125,0.206,0.044,,0.625,0.5,
v10,520.0,0.156,0.224,0.089,,0.75,0.625,
v10,521.0,0.078,0.118,0.038,,0.375,0.312,
v10,522.0,0.172,0.251,0.093,,0.875,0.688,
v10,523.0,0.156,0.227,0.085,,0.75,0.625,
v10,524.0,0.141,0.19,0.091,,0.75,0.562,
v10,525.0,0.141,0.209,0.073,,0.625,0.562,
v10,526.0,0.156,0.209,0.103,,0.75,0.625,
v10,527.0,0.109,0.157,0.062,,0.625,0.438,
v10,528.0,0.109,0.15,0.069,,0.625,0.438,
v10,529.0,0.109,0.165,0.054,,0.5,0.438,
v10,530.0,0.078,0.12,0.036,,0.5,0.312,
v10,531.0,0.141,0.204,0.078,,0.625,0.562,
v10,532.0,0.109,0.147,0.072,,0.625,0.438,
v10,533.0,0.109,0.157,0.061,,0.625,0.438,
v10,534.0,0.156,0.236,0.076,,0.625,0.625,
v10,535.0,0.078,0.107,0.049,,0.375,0.312,
v10,536.0,0.016,0.031,0.0,,0.125,0.062,
v10,537.0,0.094,0.13,0.058,,0.625,0.375,
v10,538.0,0.156,0.225,0.087,,0.625,0.625,
v10,539.0,0.125,0.187,0.063,,0.5,0.5,
v10,540.0,0.156,0.223,0.09,,0.625,0.625,
v10,541.0,0.125,0.181,0.069,,0.625,0.5,
v10,542.0,0.078,0.117,0.039,,0.5,0.312,
v10,543.0,0.141,0.203,0.078,,0.625,0.562,
v10,544.0,0.109,0.151,0.068,,0.5,0.438,
v10,545.0,0.188,0.254,0.121,,0.875,0.75,
v10,546.0,0.188,0.256,0.119,,0.875,0.75,
v10,547.0,0.094,0.139,0.048,,0.5,0.375,
v10,548.0,0.141,0.199,0.083,,0.625,0.562,
v10,549.0,0.141,0.192,0.089,,0.625,0.562,
v10,550.0,0.141,0.196,0.085,,0.625,0.562,390.983
v10,551.0,0.062,0.092,0.033,,0.375,0.25,
v10,552.0,0.125,0.169,0.081,,0.5,0.5,
v10,553.0,0.203,0.303,0.104,,0.875,0.812,
v10,554.0,0.125,0.174,0.076,,0.625,0.5,
v10,555.0,0.062,0.085,0.04,,0.25,0.25,
v10,556.0,0.141,0.208,0.073,,0.75,0.562,
v10,557.0,0.109,0.163,0.056,,0.5,0.438,
v10,558.0,0.141,0.203,0.078,,0.75,0.562,
v10,559.0,0.234,0.337,0.132,,1.0,0.938,
v10,560.0,0.141,0.193,0.088,,0.625,0.562,
v10,561.0,0.109,0.16,0.059,,0.5,0.438,
v10,562.0,0.109,0.175,0.044,,0.5,0.438,
v10,563.0,0.109,0.148,0.071,,0.5,0.438,
v10,564.0,0.141,0.211,0.07,,0.75,0.562,
v10,565.0,0.109,0.175,0.044,,0.625,0.438,
v10,566.0,0.047,0.061,0.033,,0.25,0.188,
v10,567.0,0.219,0.333,0.104,,1.0,0.875,
v10,568.0,0.109,0.15,0.069,,0.5,0.438,
v10,569.0,0.094,0.127,0.06,,0.5,0.375,
v10,570.0,0.078,0.112,0.044,,0.5,0.312,
v10,571.0,0.109,0.169,0.05,,0.625,0.438,
v10,572.0,0.109,0.167,0.052,,0.625,0.438,
v10,573.0,0.125,0.179,0.071,,0.625,0.5,
v10,574.0,0.094,0.134,0.054,,0.5,0.375,
v10,575.0,0.031,0.043,0.019,,0.125,0.125,
v10,576.0,0.141,0.22,0.061,,0.625,0.562,
v10,577.0,0.094,0.152,0.036,,0.5,0.375,
v10,578.0,0.141,0.21,0.071,,0.625,0.562,
v10,579.0,0.094,0.141,0.047,,0.5,0.375,
v10,580.0,0.125,0.176,0.074,,0.5,0.5,
v10,581.0,0.078,0.107,0.049,,0.5,0.312,
v10,582.0,0.109,0.158,0.061,,0.625,0.438,
v10,583.0,0.031,0.046,0.017,,0.25,0.125,
v10,584.0,0.141,0.215,0.066,,0.75,0.562,
v10,585.0,0.109,0.156,0.063,,0.5,0.438,
v10,586.0,0.094,0.144,0.044,,0.625,0.375,
v10,587.0,0.094,0.133,0.055,,0.5,0.375,
v10,588.0,0.172,0.259,0.084,,0.875,0.688,
v10,589.0,0.219,0.313,0.124,,0.875,0.875,
v10,590.0,0.109,0.167,0.052,,0.5,0.438,
v10,591.0,0.109,0.152,0.066,,0.5,0.438,
v10,592.0,0.062,0.089,0.036,,0.375,0.25,
v10,593.0,0.047,0.061,0.033,,0.25,0.188,
v10,594.0,0.062,0.097,0.028,,0.375,0.25,
v10,595.0,0.047,0.083,0.011,,0.25,0.188,
v10,596.0,0.141,0.204,0.077,,0.75,0.562,
v10,597.0,0.047,0.061,0.033,,0.25,0.188,
v10,598.0,0.078,0.104,0.052,,0.375,0.312,
v10,599.0,0.094,0.136,0.052,,0.375,0.375,
v10,600.0,0.078,0.104,0.052,,0.5,0.312,324.877
v10,601.0,0.078,0.109,0.047,,0.375,0.312,
v10,602.0,0.031,0.041,0.022,,0.25,0.125,
v10,603.0,0.172,0.25,0.093,,0.75,0.688,
v10,604.0,0.078,0.118,0.039,,0.375,0.312,
v10,605.0,0.219,0.324,0.114,,1.0,0.875,
v10,606.0,0.141,0.217,0.064,,0.625,0.562,
v10,607.0,0.047,0.064,0.03,,0.25,0.188,
v10,608.0,0.125,0.184,0.066,,0.5,0.5,
v10,609.0,0.078,0.115,0.041,,0.375,0.312,
v10,610.0,0.141,0.202,0.08,,0.625,0.562,
v10,611.0,0.109,0.15,0.069,,0.625,0.438,
v10,612.0,0.156,0.214,0.099,,0.875,0.625,
v10,613.0,0.031,0.052,0.011,,0.125,0.125,
v10,614.0,0.078,0.113,0.044,,0.375,0.312,
v10,615.0,0.062,0.095,0.03,,0.25,0.25,
v10,616.0,0.141,0.194,0.088,,0.625,0.562,
v10,617.0,0.156,0.231,0.082,,0.875,0.625,
v10,618.0,0.109,0.157,0.061,,0.5,0.438,
v10,619.0,0.078,0.11,0.046,,0.5,0.312,
v10,620.0,0.078,0.129,0.028,,0.375,0.312,
v10,621.0,0.078,0.102,0.055,,0.5,0.312,
v10,622.0,0.078,0.108,0.048,,0.375,0.312,
v10,623.0,0.172,0.244,0.1,,0.75,0.688,
v10,624.0,0.094,0.129,0.059,,0.375,0.375,
v10,625.0,0.141,0.198,0.084,,0.625,0.562,
v10,626.0,0.078,0.113,0.044,,0.5,0.312,
v10,627.0,0.125,0.184,0.066,,0.625,0.5,
v10,628.0,0.062,0.092,0.033,,0.375,0.25,
v10,629.0,0.078,0.105,0.052,,0.375,0.312,
v10,630.0,0.062,0.082,0.043,,0.375,0.25,
v10,631.0,0.156,0.212,0.1,,0.75,0.625,
v10,632.0,0.078,0.116,0.04,,0.5,0.312,
v10,633.0,0.141,0.198,0.083,,0.625,0.562,
v10,634.0,0.094,0.132,0.055,,0.5,0.375,
v10,635.0,0.031,0.043,0.019,,0.125,0.125,
v10,636.0,0.062,0.095,0.03,,0.375,0.25,
v10,637.0,0.156,0.222,0.09,,0.625,0.625,
v10,638.0,0.109,0.153,0.066,,0.75,0.438,
v10,639.0,0.125,0.194,0.056,,0.625,0.5,
v10,640.0,0.156,0.23,0.083,,0.625,0.625,
v10,641.0,0.125,0.171,0.079,,0.5,0.5,
v10,642.0,0.141,0.196,0.085,,0.625,0.562,
v10,643.0,0.109,0.156,0.063,,0.625,0.438,
v10,644.0,0.125,0.177,0.073,,0.625,0.5,
v10,645.0,0.125,0.176,0.074,,0.5,0.5,
v10,646.0,0.078,0.112,0.044,,0.375,0.312,
v10,647.0,0.031,0.052,0.011,,0.125,0.125,
v10,648.0,0.109,0.155,0.064,,0.5,0.438,
v10,649.0,0.062,0.098,0.027,,0.375,0.25,
v10,650.0,0.109,0.172,0.047,,0.5,0.438,330.142
v10,651.0,0.125,0.183,0.067,,0.5,0.5,
v10,652.0,0.156,0.246,0.067,,0.875,0.625,
v10,653.0,0.125,0.182,0.068,,0.625,0.5,
v10,654.0,0.047,0.063,0.03,,0.375,0.188,
v10,655.0,0.156,0.215,0.097,,0.75,0.625,
v10,656.0,0.094,0.149,0.039,,0.625,0.375,
v10,657.0,0.109,0.161,0.058,,0.625,0.438,
v10,658.0,0.125,0.187,0.063,,0.75,0.5,
v10,659.0,0.094,0.148,0.04,,0.625,0.375,
v10,660.0,0.094,0.138,0.049,,0.375,0.375,
v10,661.0,0.078,0.112,0.044,,0.5,0.312,
v10,662.0,0.047,0.064,0.03,,0.25,0.188,
v10,663.0,0.109,0.159,0.06,,0.625,0.438,
v10,664.0,0.125,0.18,0.07,,0.625,0.5,
v10,665.0,0.156,0.216,0.096,,0.625,0.625,
v10,666.0,0.094,0.135,0.052,,0.5,0.375,
v10,667.0,0.078,0.111,0.045,,0.5,0.312,
v10,668.0,0.109,0.169,0.049,,0.625,0.438,
v10,669.0,0.141,0.191,0.09,,0.75,0.562,
v10,670.0,0.125,0.184,0.066,,0.5,0.5,
v10,671.0,0.094,0.134,0.054,,0.625,0.375,
v10,672.0,0.078,0.102,0.055,,0.5,0.312,
v10,673.0,0.141,0.213,0.068,,0.75,0.562,
v10,674.0,0.109,0.163,0.056,,0.75,0.438,
v10,675.0,0.062,0.106,0.019,,0.375,0.25,
v10,676.0,0.078,0.118,0.039,,0.375,0.312,
v10,677.0,0.156,0.22,0.093,,0.75,0.625,
v10,678.0,0.078,0.109,0.047,,0.375,0.312,
v10,679.0,0.156,0.242,0.07,,0.75,0.625,
v10,680.0,0.062,0.084,0.041,,0.25,0.25,
v10,681.0,0.234,0.349,0.12,,1.0,0.938,
v10,682.0,0.062,0.086,0.039,,0.25,0.25,
v10,683.0,0.078,0.113,0.044,,0.5,0.312,
v10,684.0,0.141,0.205,0.076,,0.625,0.562,
v10,685.0,0.078,0.107,0.049,,0.375,0.312,
v10,686.0,0.156,0.241,0.071,,0.75,0.625,
v10,687.0,0.031,0.043,0.019,,0.25,0.125,
v10,688.0,0.141,0.208,0.073,,0.625,0.562,
v10,689.0,0.078,0.106,0.051,,0.5,0.312,
v10,690.0,0.094,0.144,0.044,,0.5,0.375,
v10,691.0,0.141,0.211,0.07,,0.625,0.562,
v10,692.0,0.141,0.213,0.069,,0.75,0.562,
v10,693.0,0.125,0.171,0.079,,0.625,0.5,
v10,694.0,0.141,0.215,0.067,,0.625,0.562,
v10,695.0,0.141,0.193,0.088,,0.75,0.562,
v10,696.0,0.062,0.085,0.04,,0.375,0.25,
v10,697.0,0.109,0.161,0.058,,0.5,0.438,
v10,698.0,0.141,0.201,0.081,,0.75,0.562,
v10,699.0,0.141,0.221,0.061,,0.75,0.562,
v10,700.0,0.141,0.202,0.079,,0.625,0.562,368.324
v10,701.0,0.156,0.23,0.082,,0.625,0.625,
v10,702.0,0.156,0.215,0.098,,0.625,0.625,
v10,703.0,0.156,0.222,0.091,,0.75,0.625,
v10,704.0,0.141,0.194,0.088,,0.625,0.562,
v10,705.0,0.062,0.087,0.038,,0.375,0.25,
v10,706.0,0.031,0.046,0.017,,0.25,0.125,
v10,707.0,0.094,0.135,0.052,,0.375,0.375,
v10,708.0,0.141,0.223,0.059,,0.625,0.562,
v10,709.0,0.047,0.066,0.027,,0.25,0.188,
v10,710.0,0.094,0.135,0.052,,0.625,0.375,
v10,711.0,0.094,0.143,0.044,,0.375,0.375,
v10,712.0,0.078,0.109,0.048,,0.375,0.312,
v10,713.0,0.062,0.081,0.044,,0.375,0.25,
v10,714.0,0.109,0.161,0.058,,0.5,0.438,
v10,715.0,0.062,0.108,0.017,,0.25,0.25,
v10,716.0,0.047,0.064,0.03,,0.375,0.188,
v10,717.0,0.125,0.187,0.063,,0.5,0.5,
v10,718.0,0.125,0.184,0.066,,0.5,0.5,
v10,719.0,0.125,0.192,0.058,,0.75,0.5,
v10,720.0,0.109,0.161,0.058,,0.5,0.438,
v10,721.0,0.047,0.069,0.025,,0.25,0.188,
v10,722.0,0.062,0.089,0.036,,0.375,0.25,
v10,723.0,0.109,0.153,0.065,,0.625,0.438,
v10,724.0,0.094,0.13,0.058,,0.5,0.375,
v10,725.0,0.094,0.127,0.06,,0.5,0.375,
v10,726.0,0.094,0.125,0.062,,0.5,0.375,
v10,727.0,0.125,0.176,0.074,,0.625,0.5,
v10,728.0,0.125,0.179,0.071,,0.625,0.5,
v10,729.0,0.172,0.236,0.107,,0.75,0.688,
v10,730.0,0.172,0.251,0.093,,0.875,0.688,
v10,731.0,0.109,0.161,0.057,,0.5,0.438,
v10,732.0,0.047,0.064,0.03,,0.25,0.188,
v10,733.0,0.062,0.089,0.036,,0.375,0.25,
v10,734.0,0.094,0.13,0.057,,0.5,0.375,
v10,735.0,0.094,0.129,0.058,,0.5,0.375,
v10,736.0,0.141,0.204,0.077,,0.75,0.562,
v10,737.0,0.141,0.213,0.069,,0.625,0.562,
v10,738.0,0.078,0.112,0.044,,0.5,0.312,
v10,739.0,0.078,0.113,0.043,,0.375,0.312,
v10,740.0,0.125,0.179,0.071,,0.625,0.5,
v10,741.0,0.172,0.239,0.105,,0.875,0.688,
v10,742.0,0.094,0.152,0.036,,0.5,0.375,
v10,743.0,0.125,0.177,0.073,,0.625,0.5,
v10,744.0,0.125,0.172,0.078,,0.625,0.5,
v10,745.0,0.062,0.086,0.039,,0.5,0.25,
v10,746.0,0.062,0.095,0.03,,0.25,0.25,
v11,1.0,0.11,0.234,-0.014,0.438,0.75,0.625,
v11,2.0,0.072,0.163,-0.019,0.375,0.5,0.438,
v11,3.0,0.147,0.247,0.047,0.25,0.75,0.688,
v11,4.0,-0.04,0.062,-0.143,0.688,0.25,0.125,
v11,5.0,0.072,0.158,-0.014,0.375,0.75,0.438,
v11,6.0,0.131,0.216,0.046,0.25,0.75,0.625,
v11,7.0,0.081,0.174,-0.011,0.438,0.75,0.5,
v11,8.0,0.1,0.197,0.004,0.375,0.625,0.562,
v11,9.0,0.109,0.201,0.017,0.312,0.75,0.562,
v11,10.0,0.131,0.229,0.034,0.25,0.625,0.625,
v11,11.0,0.128,0.264,-0.008,0.438,0.875,0.688,
v11,12.0,-0.047,0.02,-0.114,0.625,0.125,0.062,
v11,13.0,0.035,0.149,-0.079,0.562,0.5,0.375,
v11,14.0,0.116,0.229,0.003,0.375,0.75,0.625,
v11,15.0,0.094,0.176,0.012,0.312,0.5,0.5,
v11,16.0,0.034,0.106,-0.037,0.438,0.5,0.312,
v11,17.0,0.025,0.084,-0.034,0.375,0.25,0.25,
v11,18.0,0.072,0.146,-0.001,0.25,0.5,0.375,
v11,19.0,0.006,0.083,-0.07,0.562,0.375,0.25,
v11,20.0,0.035,0.132,-0.062,0.562,0.375,0.375,
v11,21.0,0.088,0.222,-0.046,0.562,0.75,0.562,
v11,22.0,0.05,0.127,-0.027,0.438,0.375,0.375,
v11,23.0,0.094,0.169,0.018,0.312,0.5,0.5,
v11,24.0,0.031,0.137,-0.075,0.625,0.5,0.375,
v11,25.0,0.047,0.102,-0.009,0.312,0.5,0.312,
v11,26.0,0.059,0.163,-0.044,0.5,0.5,0.438,
v11,27.0,0.15,0.253,0.048,0.25,0.75,0.688,
v11,28.0,0.05,0.13,-0.03,0.438,0.5,0.375,
v11,29.0,0.032,0.123,-0.06,0.438,0.375,0.312,
v11,30.0,0.138,0.218,0.057,0.188,0.625,0.625,
v11,31.0,0.088,0.206,-0.03,0.438,0.625,0.5,
v11,32.0,0.094,0.183,0.004,0.312,0.75,0.5,
v11,33.0,0.019,0.082,-0.045,0.438,0.25,0.25,
v11,34.0,0.101,0.181,0.021,0.188,0.5,0.5,
v11,35.0,0.085,0.193,-0.024,0.438,0.625,0.5,
v11,36.0,0.131,0.222,0.04,0.25,0.625,0.625,
v11,37.0,0.032,0.124,-0.061,0.5,0.5,0.312,
v11,38.0,0.088,0.2,-0.025,0.375,0.625,0.5,
v11,39.0,0.066,0.162,-0.031,0.438,0.5,0.438,
v11,40.0,0.073,0.158,-0.012,0.375,0.625,0.438,
v11,41.0,0.084,0.211,-0.043,0.562,0.75,0.562,
v11,42.0,0.109,0.193,0.026,0.312,0.625,0.562,
v11,43.0,0.016,0.072,-0.041,0.312,0.25,0.188,
v11,44.0,0.034,0.11,-0.041,0.438,0.375,0.312,
v11,45.0,0.131,0.232,0.03,0.25,0.75,0.625,
v11,46.0,0.087,0.177,-0.002,0.375,0.5,0.5,
v11,47.0,-0.006,0.072,-0.084,0.562,0.25,0.188,
v11,48.0,0.013,0.083,-0.058,0.5,0.375,0.25,
v11,49.0,0.037,0.081,-0.006,0.25,0.375,0.25,
v11,50.0,0.05,0.147,-0.047,0.438,0.625,0.375,
v11,51.0,0.206,0.315,0.098,0.125,1.0,0.875,
v11,52.0,0.034,0.062,0.007,0.125,0.25,0.188,
v11,53.0,0.097,0.15,0.044,0.125,0.5,0.438,
v11,54.0,0.078,0.161,-0.005,0.312,0.5,0.438,
v11,55.0,0.122,0.204,0.039,0.188,0.75,0.562,
v11,56.0,0.013,0.063,-0.038,0.375,0.25,0.188,
v11,57.0,0.062,0.134,-0.009,0.312,0.5,0.375,
v11,58.0,0.025,0.115,-0.064,0.562,0.375,0.312,
v11,59.0,0.184,0.278,0.091,0.188,1.0,0.812,
v11,60.0,0.082,0.206,-0.042,0.5,0.75,0.5,
v11,61.0,0.079,0.122,0.035,0.188,0.375,0.375,
v11,62.0,0.078,0.153,0.003,0.312,0.625,0.438,
v11,63.0,0.119,0.25,-0.013,0.375,0.75,0.625,
v11,64.0,0.038,0.095,-0.02,0.25,0.375,0.25,
v11,65.0,0.016,0.114,-0.082,0.5,0.5,0.25,
v11,66.0,0.031,0.084,-0.021,0.312,0.25,0.25,
v11,67.0,0.021,0.103,-0.061,0.438,0.375,0.25,
v11,68.0,0.014,0.061,-0.034,0.375,0.25,0.188,
v11,69.0,0.054,0.104,0.004,0.312,0.375,0.312,
v11,70.0,0.103,0.229,-0.023,0.375,0.625,0.562,
v11,71.0,0.045,0.155,-0.066,0.562,0.5,0.375,
v11,72.0,0.094,0.187,0.0,0.312,0.75,0.5,
v11,73.0,0.175,0.274,0.076,0.125,0.875,0.75,
v11,74.0,0.062,0.135,-0.01,0.312,0.5,0.375,
v11,75.0,0.025,0.084,-0.034,0.375,0.375,0.25,
v11,76.0,0.075,0.128,0.022,0.188,0.375,0.375,
v11,77.0,0.016,0.066,-0.035,0.312,0.25,0.188,
v11,78.0,0.1,0.206,-0.005,0.375,0.625,0.562,
v11,79.0,0.016,0.12,-0.089,0.625,0.5,0.312,
v11,80.0,0.125,0.198,0.053,0.188,0.75,0.562,
v11,81.0,0.085,0.196,-0.027,0.375,0.5,0.5,
v11,82.0,0.062,0.157,-0.032,0.312,0.375,0.375,
v11,83.0,0.106,0.184,0.028,0.188,0.5,0.5,
v11,84.0,0.047,0.107,-0.013,0.312,0.375,0.312,
v11,85.0,0.044,0.107,-0.018,0.375,0.375,0.312,
v11,86.0,0.113,0.21,0.016,0.312,0.625,0.562,
v11,87.0,0.031,0.092,-0.03,0.312,0.375,0.25,
v11,88.0,0.059,0.175,-0.056,0.5,0.5,0.438,
v11,89.0,0.05,0.126,-0.025,0.312,0.5,0.312,
v11,90.0,0.094,0.157,0.031,0.188,0.5,0.438,
v11,91.0,0.097,0.227,-0.033,0.438,0.75,0.562,
v11,92.0,0.069,0.127,0.01,0.25,0.5,0.375,
v11,93.0,0.038,0.124,-0.049,0.438,0.375,0.312,
v11,94.0,0.098,0.174,0.023,0.312,0.5,0.5,
v11,95.0,0.069,0.127,0.011,0.25,0.375,0.375,
v11,96.0,0.034,0.126,-0.058,0.438,0.5,0.312,
v11,97.0,0.088,0.192,-0.016,0.375,0.625,0.5,
v11,98.0,0.107,0.213,0.001,0.375,0.625,0.562,
v11,99.0,0.113,0.21,0.016,0.25,0.75,0.562,
v11,100.0,-0.025,0.062,-0.113,0.562,0.25,0.125,386.876
v11,101.0,0.132,0.252,0.012,0.312,0.75,0.625,
v11,102.0,0.119,0.237,0.001,0.375,0.75,0.625,
v11,103.0,0.035,0.093,-0.024,0.312,0.375,0.25,
v11,104.0,0.157,0.25,0.063,0.125,0.75,0.688,
v11,105.0,0.053,0.109,-0.003,0.25,0.375,0.312,
v11,106.0,-0.028,0.02,-0.077,0.438,0.125,0.062,
v11,107.0,0.022,0.072,-0.028,0.25,0.25,0.188,
v11,108.0,0.066,0.146,-0.014,0.312,0.5,0.375,
v11,109.0,0.103,0.213,-0.006,0.375,0.625,0.562,
v11,110.0,0.031,0.103,-0.041,0.312,0.375,0.25,
v11,111.0,0.038,0.095,-0.02,0.25,0.375,0.25,
v11,112.0,0.029,0.177,-0.12,0.625,0.5,0.375,
v11,113.0,0.041,0.123,-0.042,0.375,0.5,0.312,
v11,114.0,-0.0,0.041,-0.041,0.312,0.125,0.125,
v11,115.0,0.072,0.164,-0.02,0.375,0.5,0.438,
v11,116.0,0.025,0.106,-0.056,0.375,0.375,0.25,
v11,117.0,0.081,0.192,-0.029,0.438,0.625,0.5,
v11,118.0,0.138,0.229,0.046,0.188,0.75,0.625,
v11,119.0,0.1,0.18,0.02,0.25,0.625,0.5,
v11,120.0,0.091,0.175,0.006,0.188,0.5,0.438,
v11,121.0,0.007,0.075,-0.061,0.375,0.25,0.188,
v11,122.0,0.025,0.116,-0.065,0.5,0.375,0.312,
v11,123.0,0.081,0.138,0.024,0.125,0.5,0.375,
v11,124.0,0.066,0.14,-0.008,0.25,0.5,0.375,
v11,125.0,-0.013,0.041,-0.066,0.438,0.25,0.125,
v11,126.0,0.041,0.105,-0.024,0.375,0.375,0.312,
v11,127.0,0.047,0.138,-0.043,0.5,0.5,0.375,
v11,128.0,0.054,0.134,-0.027,0.375,0.375,0.375,
v11,129.0,0.004,0.096,-0.089,0.562,0.5,0.25,
v11,130.0,0.072,0.138,0.007,0.25,0.375,0.375,
v11,131.0,0.006,0.041,-0.028,0.25,0.125,0.125,
v11,132.0,0.147,0.297,-0.003,0.438,0.875,0.75,
v11,133.0,-0.034,0.031,-0.1,0.5,0.125,0.062,
v11,134.0,0.019,0.072,-0.034,0.312,0.25,0.188,
v11,135.0,0.088,0.197,-0.022,0.375,0.625,0.5,
v11,136.0,0.125,0.2,0.05,0.188,0.75,0.562,
v11,137.0,0.148,0.255,0.04,0.188,0.75,0.688,
v11,138.0,0.116,0.2,0.033,0.25,0.75,0.562,
v11,139.0,0.069,0.167,-0.029,0.375,0.625,0.438,
v11,140.0,0.122,0.198,0.046,0.188,0.625,0.562,
v11,141.0,0.069,0.146,-0.009,0.25,0.375,0.375,
v11,142.0,0.104,0.188,0.019,0.188,0.625,0.5,
v11,143.0,0.097,0.147,0.047,0.125,0.5,0.438,
v11,144.0,0.128,0.281,-0.025,0.438,0.875,0.688,
v11,145.0,0.072,0.178,-0.034,0.375,0.5,0.438,
v11,146.0,0.097,0.19,0.005,0.25,0.625,0.5,
v11,147.0,0.094,0.188,-0.001,0.312,0.625,0.5,
v11,148.0,0.063,0.168,-0.042,0.5,0.5,0.438,
v11,149.0,0.069,0.124,0.013,0.25,0.5,0.375,
v11,150.0,0.028,0.075,-0.018,0.188,0.25,0.188,
v11,151.0,0.073,0.187,-0.042,0.375,0.625,0.438,
v11,152.0,0.147,0.263,0.031,0.25,0.875,0.688,
v11,153.0,0.094,0.194,-0.006,0.312,0.5,0.5,
v11,154.0,0.097,0.191,0.004,0.312,0.625,0.5,
v11,155.0,0.094,0.187,0.001,0.312,0.5,0.5,
v11,156.0,0.081,0.135,0.027,0.125,0.5,0.375,
v11,157.0,0.079,0.176,-0.019,0.375,0.5,0.438,
v11,158.0,0.107,0.22,-0.007,0.375,0.625,0.562,
v11,159.0,0.079,0.145,0.012,0.125,0.5,0.375,
v11,160.0,0.1,0.158,0.042,0.125,0.5,0.438,
v11,161.0,0.072,0.115,0.029,0.062,0.375,0.312,
v11,162.0,0.069,0.136,0.001,0.25,0.5,0.375,
v11,163.0,0.047,0.102,-0.008,0.312,0.375,0.312,
v11,164.0,0.035,0.134,-0.064,0.438,0.5,0.312,
v11,165.0,0.131,0.233,0.03,0.25,0.625,0.625,
v11,166.0,0.016,0.093,-0.061,0.438,0.375,0.25,
v11,167.0,0.069,0.188,-0.05,0.438,0.75,0.438,
v11,168.0,0.125,0.236,0.014,0.312,0.75,0.625,
v11,169.0,0.109,0.234,-0.016,0.312,0.75,0.562,
v11,170.0,0.116,0.215,0.018,0.25,0.75,0.562,
v11,171.0,-0.006,0.043,-0.055,0.375,0.25,0.125,
v11,172.0,0.113,0.205,0.02,0.312,0.75,0.562,
v11,173.0,0.119,0.245,-0.008,0.375,0.75,0.625,
v11,174.0,0.116,0.21,0.021,0.25,0.75,0.562,
v11,175.0,0.072,0.186,-0.042,0.375,0.5,0.438,
v11,176.0,0.044,0.113,-0.024,0.312,0.375,0.312,
v11,177.0,0.1,0.184,0.016,0.25,0.75,0.5,
v11,178.0,0.079,0.123,0.034,0.188,0.5,0.375,
v11,179.0,0.11,0.19,0.03,0.188,0.625,0.5,
v11,180.0,0.122,0.236,0.009,0.312,0.875,0.625,
v11,181.0,0.037,0.082,-0.007,0.25,0.25,0.25,
v11,182.0,0.059,0.164,-0.045,0.5,0.625,0.438,
v11,183.0,0.054,0.129,-0.022,0.375,0.5,0.375,
v11,184.0,0.05,0.136,-0.036,0.438,0.5,0.375,
v11,185.0,0.006,0.087,-0.075,0.562,0.25,0.25,
v11,186.0,0.153,0.246,0.06,0.188,0.75,0.688,
v11,187.0,0.009,0.061,-0.042,0.375,0.25,0.188,
v11,188.0,0.05,0.126,-0.026,0.312,0.375,0.312,
v11,189.0,0.07,0.127,0.012,0.25,0.5,0.375,
v11,190.0,0.172,0.265,0.08,0.125,0.875,0.75,
v11,191.0,0.153,0.256,0.05,0.188,0.75,0.688,
v11,192.0,0.091,0.21,-0.029,0.5,0.75,0.562,
v11,193.0,0.1,0.216,-0.015,0.438,0.75,0.562,
v11,194.0,0.056,0.138,-0.025,0.375,0.5,0.375,
v11,195.0,0.213,0.314,0.111,0.062,1.0,0.875,
v11,196.0,0.1,0.206,-0.006,0.25,0.625,0.5,
v11,197.0,0.138,0.225,0.05,0.188,0.625,0.625,
v11,198.0,0.125,0.229,0.021,0.312,0.75,0.625,
v11,199.0,0.134,0.255,0.014,0.375,0.75,0.688,
v11,200.0,0.113,0.205,0.021,0.312,0.75,0.562,504.469
v11,201.0,0.072,0.154,-0.011,0.375,0.5,0.438,
v11,202.0,0.1,0.172,0.028,0.25,0.5,0.5,
v11,203.0,0.097,0.234,-0.04,0.438,0.625,0.562,
v11,204.0,0.119,0.207,0.031,0.25,0.625,0.562,
v11,205.0,0.012,0.046,-0.021,0.188,0.125,0.125,
v11,206.0,0.06,0.129,-0.01,0.375,0.5,0.375,
v11,207.0,0.15,0.212,0.088,0.062,0.625,0.625,
v11,208.0,0.06,0.128,-0.009,0.375,0.375,0.375,
v11,209.0,0.097,0.218,-0.024,0.438,0.75,0.562,
v11,210.0,0.022,0.123,-0.08,0.562,0.375,0.312,
v11,211.0,0.038,0.084,-0.009,0.25,0.375,0.25,
v11,212.0,0.122,0.214,0.03,0.188,0.625,0.562,
v11,213.0,0.094,0.218,-0.03,0.5,0.75,0.562,
v11,214.0,0.041,0.149,-0.067,0.5,0.5,0.375,
v11,215.0,0.122,0.206,0.038,0.188,0.75,0.562,
v11,216.0,0.078,0.188,-0.032,0.312,0.625,0.438,
v11,217.0,0.178,0.298,0.058,0.25,1.0,0.812,
v11,218.0,0.025,0.081,-0.031,0.375,0.375,0.25,
v11,219.0,0.062,0.13,-0.005,0.312,0.5,0.375,
v11,220.0,0.147,0.26,0.034,0.25,0.75,0.688,
v11,221.0,0.141,0.254,0.027,0.312,0.75,0.688,
v11,222.0,0.125,0.224,0.026,0.312,0.75,0.625,
v11,223.0,0.103,0.21,-0.004,0.375,0.75,0.562,
v11,224.0,0.144,0.255,0.033,0.25,0.75,0.688,
v11,225.0,0.062,0.148,-0.023,0.312,0.375,0.375,
v11,226.0,0.05,0.155,-0.055,0.438,0.375,0.375,
v11,227.0,0.059,0.152,-0.033,0.5,0.5,0.438,
v11,228.0,0.129,0.25,0.007,0.312,0.625,0.625,
v11,229.0,-0.003,0.098,-0.103,0.625,0.375,0.25,
v11,230.0,0.131,0.227,0.036,0.25,0.75,0.625,
v11,231.0,0.059,0.178,-0.059,0.5,0.5,0.438,
v11,232.0,0.141,0.255,0.026,0.312,0.875,0.688,
v11,233.0,0.109,0.203,0.015,0.312,0.75,0.562,
v11,234.0,0.153,0.249,0.057,0.188,0.75,0.688,
v11,235.0,0.026,0.096,-0.045,0.312,0.25,0.25,
v11,236.0,0.007,0.063,-0.05,0.375,0.25,0.188,
v11,237.0,0.116,0.198,0.033,0.25,0.625,0.562,
v11,238.0,0.088,0.155,0.021,0.188,0.625,0.438,
v11,239.0,0.088,0.209,-0.032,0.438,0.625,0.5,
v11,240.0,0.091,0.16,0.021,0.188,0.625,0.438,
v11,241.0,0.137,0.26,0.015,0.188,0.75,0.625,
v11,242.0,0.075,0.167,-0.016,0.375,0.5,0.438,
v11,243.0,0.119,0.193,0.045,0.25,0.75,0.562,
v11,244.0,0.157,0.248,0.065,0.188,0.75,0.688,
v11,245.0,0.085,0.195,-0.025,0.438,0.625,0.5,
v11,246.0,0.135,0.233,0.037,0.25,0.75,0.625,
v11,247.0,0.047,0.113,-0.019,0.312,0.5,0.312,
v11,248.0,0.141,0.253,0.028,0.312,0.75,0.688,
v11,249.0,0.194,0.329,0.059,0.25,1.0,0.875,
v11,250.0,0.088,0.22,-0.044,0.562,0.75,0.562,
v11,251.0,0.041,0.166,-0.083,0.625,0.75,0.438,
v11,252.0,0.144,0.233,0.055,0.125,0.75,0.625,
v11,253.0,0.079,0.136,0.021,0.188,0.5,0.375,
v11,254.0,0.062,0.149,-0.024,0.312,0.375,0.375,
v11,255.0,0.06,0.128,-0.008,0.312,0.375,0.375,
v11,256.0,0.097,0.201,-0.007,0.312,0.625,0.5,
v11,257.0,0.05,0.139,-0.039,0.438,0.5,0.375,
v11,258.0,0.044,0.084,0.004,0.188,0.25,0.25,
v11,259.0,0.131,0.227,0.036,0.25,0.625,0.625,
v11,260.0,-0.0,0.041,-0.041,0.312,0.25,0.125,
v11,261.0,0.078,0.147,0.009,0.312,0.5,0.438,
v11,262.0,0.106,0.181,0.031,0.188,0.625,0.5,
v11,263.0,0.044,0.118,-0.03,0.375,0.5,0.312,
v11,264.0,0.028,0.118,-0.061,0.5,0.375,0.312,
v11,265.0,0.072,0.152,-0.009,0.375,0.5,0.438,
v11,266.0,0.072,0.195,-0.051,0.5,0.625,0.5,
v11,267.0,0.075,0.127,0.023,0.188,0.5,0.375,
v11,268.0,0.1,0.19,0.01,0.25,0.5,0.5,
v11,269.0,0.032,0.155,-0.091,0.562,0.625,0.375,
v11,270.0,0.082,0.19,-0.026,0.438,0.625,0.5,
v11,271.0,0.15,0.259,0.042,0.188,0.75,0.688,
v11,272.0,0.147,0.262,0.032,0.25,0.75,0.688,
v11,273.0,0.15,0.25,0.051,0.25,0.875,0.688,
v11,274.0,0.082,0.198,-0.034,0.438,0.625,0.5,
v11,275.0,0.062,0.138,-0.013,0.312,0.625,0.375,
v11,276.0,0.163,0.298,0.029,0.312,0.875,0.75,
v11,277.0,-0.009,0.041,-0.059,0.375,0.25,0.125,
v11,278.0,0.038,0.15,-0.075,0.562,0.625,0.375,
v11,279.0,0.094,0.178,0.009,0.312,0.625,0.5,
v11,280.0,0.041,0.146,-0.064,0.5,0.5,0.375,
v11,281.0,0.066,0.17,-0.039,0.438,0.625,0.438,
v11,282.0,0.138,0.227,0.048,0.188,0.625,0.625,
v11,283.0,-0.003,0.074,-0.08,0.5,0.25,0.188,
v11,284.0,0.062,0.138,-0.013,0.312,0.5,0.375,
v11,285.0,-0.05,0.02,-0.12,0.625,0.125,0.062,
v11,286.0,0.063,0.149,-0.023,0.375,0.5,0.375,
v11,287.0,0.088,0.154,0.022,0.188,0.5,0.438,
v11,288.0,-0.019,0.054,-0.092,0.5,0.25,0.125,
v11,289.0,0.054,0.127,-0.02,0.375,0.375,0.375,
v11,290.0,0.073,0.153,-0.007,0.312,0.5,0.438,
v11,291.0,0.041,0.118,-0.036,0.375,0.5,0.312,
v11,292.0,0.082,0.211,-0.047,0.5,0.5,0.5,
v11,293.0,0.084,0.158,0.01,0.25,0.5,0.438,
v11,294.0,0.062,0.138,-0.013,0.312,0.5,0.375,
v11,295.0,0.06,0.139,-0.02,0.375,0.375,0.375,
v11,296.0,0.1,0.218,-0.017,0.375,0.75,0.562,
v11,297.0,0.119,0.207,0.031,0.25,0.625,0.562,
v11,298.0,0.044,0.12,-0.032,0.375,0.5,0.312,
v11,299.0,0.053,0.179,-0.072,0.562,0.625,0.438,
v11,300.0,0.047,0.149,-0.054,0.5,0.5,0.375,276.068
v11,301.0,0.16,0.275,0.045,0.25,0.875,0.75,
v11,302.0,0.056,0.138,-0.026,0.375,0.5,0.375,
v11,303.0,0.044,0.135,-0.047,0.5,0.5,0.375,
v11,304.0,0.088,0.166,0.01,0.25,0.625,0.438,
v11,305.0,0.034,0.115,-0.046,0.438,0.5,0.312,
v11,306.0,0.066,0.171,-0.04,0.438,0.625,0.438,
v11,307.0,0.072,0.112,0.031,0.062,0.375,0.312,
v11,308.0,0.079,0.2,-0.043,0.438,0.75,0.5,
v11,309.0,0.016,0.126,-0.095,0.625,0.5,0.312,
v11,310.0,0.013,0.066,-0.04,0.312,0.25,0.188,
v11,311.0,0.063,0.169,-0.044,0.438,0.625,0.438,
v11,312.0,0.0,0.073,-0.073,0.438,0.25,0.188,
v11,313.0,0.088,0.191,-0.016,0.375,0.625,0.5,
v11,314.0,0.038,0.109,-0.034,0.375,0.5,0.312,
v11,315.0,0.057,0.16,-0.047,0.562,0.625,0.438,
v11,316.0,0.11,0.246,-0.026,0.438,0.625,0.625,
v11,317.0,0.16,0.288,0.032,0.25,0.875,0.75,
v11,318.0,0.057,0.114,-0.001,0.188,0.375,0.312,
v11,319.0,0.069,0.13,0.008,0.25,0.375,0.375,
v11,320.0,0.066,0.166,-0.035,0.438,0.5,0.438,
v11,321.0,-0.019,0.043,-0.081,0.5,0.125,0.125,
v11,322.0,0.062,0.131,-0.006,0.312,0.375,0.375,
v11,323.0,0.094,0.173,0.015,0.312,0.625,0.5,
v11,324.0,0.078,0.161,-0.005,0.312,0.625,0.438,
v11,325.0,0.097,0.227,-0.034,0.438,0.75,0.562,
v11,326.0,0.129,0.22,0.037,0.25,0.75,0.625,
v11,327.0,0.113,0.201,0.025,0.25,0.75,0.562,
v11,328.0,0.103,0.208,-0.002,0.375,0.625,0.562,
v11,329.0,0.025,0.103,-0.053,0.375,0.375,0.25,
v11,330.0,0.066,0.102,0.029,0.125,0.375,0.312,
v11,331.0,0.107,0.212,0.001,0.375,0.75,0.562,
v11,332.0,0.129,0.244,0.013,0.312,0.625,0.625,
v11,333.0,0.037,0.084,-0.009,0.25,0.375,0.25,
v11,334.0,0.054,0.137,-0.03,0.375,0.5,0.375,
v11,335.0,0.009,0.075,-0.056,0.375,0.375,0.188,
v11,336.0,0.122,0.252,-0.008,0.375,0.75,0.625,
v11,337.0,-0.009,0.052,-0.07,0.438,0.25,0.125,
v11,338.0,0.131,0.233,0.03,0.25,0.75,0.625,
v11,339.0,0.085,0.192,-0.023,0.375,0.5,0.5,
v11,340.0,0.091,0.222,-0.041,0.5,0.625,0.562,
v11,341.0,0.138,0.233,0.042,0.188,0.75,0.625,
v11,342.0,0.025,0.095,-0.045,0.375,0.375,0.25,
v11,343.0,0.075,0.15,0.001,0.312,0.5,0.438,
v11,344.0,0.131,0.221,0.042,0.25,0.625,0.625,
v11,345.0,0.135,0.248,0.021,0.25,0.625,0.625,
v11,346.0,0.047,0.139,-0.045,0.438,0.5,0.375,
v11,347.0,0.028,0.063,-0.007,0.188,0.25,0.188,
v11,348.0,0.119,0.166,0.071,0.062,0.5,0.5,
v11,349.0,0.066,0.13,0.002,0.312,0.375,0.375,
v11,350.0,0.078,0.24,-0.084,0.625,0.625,0.562,
v11,351.0,0.041,0.085,-0.003,0.188,0.25,0.25,
v11,352.0,0.1,0.213,-0.012,0.438,0.625,0.562,
v11,353.0,0.153,0.251,0.056,0.188,0.75,0.688,
v11,354.0,0.116,0.251,-0.019,0.438,0.75,0.625,
v11,355.0,0.138,0.22,0.055,0.188,0.75,0.625,
v11,356.0,0.106,0.175,0.038,0.188,0.625,0.5,
v11,357.0,0.075,0.13,0.02,0.188,0.5,0.375,
v11,358.0,0.084,0.166,0.003,0.25,0.625,0.438,
v11,359.0,0.072,0.168,-0.024,0.375,0.625,0.438,
v11,360.0,0.084,0.161,0.008,0.25,0.625,0.438,
v11,361.0,0.122,0.211,0.033,0.188,0.75,0.562,
v11,362.0,0.062,0.145,-0.02,0.312,0.5,0.375,
v11,363.0,0.075,0.157,-0.006,0.312,0.5,0.438,
v11,364.0,0.056,0.138,-0.025,0.375,0.5,0.375,
v11,365.0,0.094,0.2,-0.013,0.312,0.75,0.5,
v11,366.0,0.129,0.227,0.03,0.25,0.875,0.625,
v11,367.0,0.062,0.131,-0.006,0.312,0.5,0.375,
v11,368.0,-0.044,0.054,-0.142,0.75,0.25,0.125,
v11,369.0,0.103,0.213,-0.007,0.375,0.625,0.562,
v11,370.0,0.109,0.215,0.004,0.312,0.625,0.562,
v11,371.0,-0.022,0.02,-0.064,0.375,0.125,0.062,
v11,372.0,0.15,0.261,0.04,0.25,0.75,0.688,
v11,373.0,0.091,0.156,0.026,0.188,0.5,0.438,
v11,374.0,-0.006,0.041,-0.053,0.375,0.125,0.125,
v11,375.0,0.072,0.168,-0.024,0.375,0.625,0.438,
v11,376.0,0.078,0.167,-0.011,0.312,0.5,0.438,
v11,377.0,0.087,0.183,-0.008,0.375,0.625,0.5,
v11,378.0,0.088,0.186,-0.011,0.375,0.625,0.5,
v11,379.0,0.166,0.24,0.092,0.062,0.75,0.688,
v11,380.0,0.069,0.178,-0.039,0.438,0.625,0.438,
v11,381.0,0.119,0.237,0.001,0.375,0.625,0.625,
v11,382.0,0.106,0.251,-0.038,0.5,0.875,0.625,
v11,383.0,0.051,0.13,-0.028,0.375,0.375,0.375,
v11,384.0,0.041,0.118,-0.036,0.375,0.375,0.312,
v11,385.0,0.03,0.129,-0.069,0.5,0.5,0.312,
v11,386.0,0.054,0.144,-0.037,0.438,0.5,0.375,
v11,387.0,0.116,0.198,0.033,0.25,0.625,0.562,
v11,388.0,0.087,0.189,-0.014,0.375,0.75,0.5,
v11,389.0,0.088,0.164,0.012,0.25,0.5,0.438,
v11,390.0,0.097,0.213,-0.019,0.438,0.625,0.562,
v11,391.0,0.138,0.218,0.057,0.188,0.75,0.625,
v11,392.0,0.047,0.138,-0.043,0.438,0.625,0.375,
v11,393.0,0.094,0.174,0.014,0.312,0.625,0.5,
v11,394.0,0.15,0.299,0.001,0.375,0.875,0.75,
v11,395.0,0.088,0.189,-0.014,0.375,0.75,0.5,
v11,396.0,0.109,0.204,0.015,0.312,0.625,0.562,
v11,397.0,0.047,0.106,-0.011,0.188,0.25,0.25,
v11,398.0,0.116,0.245,-0.013,0.438,0.75,0.625,
v11,399.0,0.141,0.252,0.03,0.312,0.75,0.688,
v11,400.0,0.075,0.167,-0.016,0.312,0.5,0.438,318.766
v11,401.0,0.003,0.064,-0.058,0.438,0.375,0.188,
v11,402.0,0.044,0.134,-0.046,0.375,0.5,0.312,
v11,403.0,0.031,0.084,-0.021,0.312,0.375,0.25,
v11,404.0,0.147,0.258,0.035,0.25,0.875,0.688,
v11,405.0,0.016,0.064,-0.032,0.312,0.25,0.188,
v11,406.0,0.069,0.166,-0.027,0.375,0.5,0.438,
v11,407.0,0.081,0.129,0.034,0.125,0.5,0.375,
v11,408.0,0.138,0.216,0.059,0.188,0.75,0.625,
v11,409.0,0.048,0.146,-0.05,0.438,0.625,0.375,
v11,410.0,0.094,0.216,-0.027,0.5,0.75,0.562,
v11,411.0,0.087,0.128,0.047,0.062,0.375,0.375,
v11,412.0,0.012,0.098,-0.073,0.5,0.25,0.25,
v11,413.0,0.088,0.15,0.025,0.25,0.625,0.438,
v11,414.0,0.159,0.243,0.076,0.125,0.75,0.688,
v11,415.0,0.132,0.292,-0.028,0.375,0.75,0.688,
v11,416.0,0.031,0.081,-0.019,0.312,0.25,0.25,
v11,417.0,0.097,0.16,0.034,0.125,0.5,0.438,
v11,418.0,0.078,0.164,-0.007,0.312,0.5,0.438,
v11,419.0,0.153,0.257,0.05,0.188,0.75,0.688,
v11,420.0,0.066,0.167,-0.035,0.438,0.625,0.438,
v11,421.0,0.087,0.178,-0.003,0.375,0.625,0.5,
v11,422.0,0.087,0.13,0.045,0.062,0.375,0.375,
v11,423.0,0.126,0.235,0.017,0.312,0.75,0.625,
v11,424.0,0.106,0.255,-0.043,0.5,0.875,0.625,
v11,425.0,0.026,0.13,-0.078,0.562,0.375,0.312,
v11,426.0,0.062,0.145,-0.02,0.312,0.375,0.375,
v11,427.0,0.075,0.151,0.0,0.312,0.5,0.438,
v11,428.0,0.103,0.221,-0.015,0.375,0.625,0.562,
v11,429.0,0.062,0.13,-0.005,0.312,0.5,0.375,
v11,430.0,0.184,0.298,0.071,0.188,0.875,0.812,
v11,431.0,0.013,0.096,-0.069,0.5,0.25,0.25,
v11,432.0,0.075,0.176,-0.026,0.375,0.5,0.438,
v11,433.0,-0.006,0.073,-0.085,0.5,0.25,0.188,
v11,434.0,0.109,0.201,0.018,0.312,0.625,0.562,
v11,435.0,0.069,0.217,-0.08,0.562,0.625,0.5,
v11,436.0,0.078,0.186,-0.03,0.312,0.5,0.438,
v11,437.0,0.082,0.245,-0.082,0.625,0.75,0.562,
v11,438.0,0.157,0.246,0.068,0.188,0.75,0.688,
v11,439.0,0.116,0.178,0.054,0.125,0.5,0.5,
v11,440.0,0.091,0.184,-0.002,0.312,0.5,0.5,
v11,441.0,0.132,0.194,0.069,0.125,0.625,0.562,
v11,442.0,0.072,0.157,-0.013,0.375,0.5,0.438,
v11,443.0,0.166,0.235,0.097,0.062,0.875,0.688,
v11,444.0,0.094,0.171,0.017,0.312,0.625,0.5,
v11,445.0,0.062,0.128,-0.003,0.312,0.375,0.375,
v11,446.0,0.034,0.112,-0.044,0.438,0.375,0.312,
v11,447.0,0.066,0.137,-0.005,0.312,0.5,0.375,
v11,448.0,0.082,0.161,0.003,0.312,0.5,0.438,
v11,449.0,0.134,0.193,0.075,0.062,0.625,0.562,
v11,450.0,0.022,0.061,-0.017,0.25,0.25,0.188,
v11,451.0,0.1,0.181,0.019,0.25,0.625,0.5,
v11,452.0,0.088,0.165,0.011,0.25,0.625,0.438,
v11,453.0,0.025,0.126,-0.075,0.5,0.5,0.312,
v11,454.0,0.135,0.239,0.03,0.25,0.75,0.625,
v11,455.0,0.15,0.208,0.092,0.062,0.75,0.625,
v11,456.0,0.057,0.137,-0.023,0.312,0.625,0.375,
v11,457.0,0.141,0.313,-0.031,0.5,0.875,0.75,
v11,458.0,0.012,0.095,-0.07,0.5,0.375,0.25,
v11,459.0,0.066,0.163,-0.032,0.438,0.5,0.438,
v11,460.0,0.013,0.124,-0.099,0.625,0.5,0.312,
v11,461.0,0.025,0.104,-0.053,0.5,0.5,0.312,
v11,462.0,0.125,0.282,-0.031,0.5,0.75,0.688,
v11,463.0,0.072,0.102,0.042,0.062,0.375,0.312,
v11,464.0,0.109,0.211,0.008,0.312,0.625,0.562,
v11,465.0,0.116,0.199,0.032,0.25,0.625,0.562,
v11,466.0,0.087,0.19,-0.015,0.375,0.5,0.5,
v11,467.0,0.072,0.158,-0.015,0.375,0.625,0.438,
v11,468.0,0.088,0.183,-0.008,0.375,0.5,0.5,
v11,469.0,0.144,0.262,0.026,0.312,0.875,0.688,
v11,470.0,0.138,0.214,0.061,0.188,0.75,0.625,
v11,471.0,0.087,0.191,-0.016,0.375,0.75,0.5,
v11,472.0,0.109,0.211,0.008,0.312,0.625,0.562,
v11,473.0,0.162,0.293,0.032,0.25,1.0,0.75,
v11,474.0,0.084,0.15,0.019,0.25,0.625,0.438,
v11,475.0,0.15,0.221,0.079,0.062,0.625,0.625,
v11,476.0,0.095,0.204,-0.015,0.375,0.625,0.5,
v11,477.0,0.094,0.187,0.0,0.312,0.5,0.5,
v11,478.0,0.037,0.081,-0.006,0.25,0.375,0.25,
v11,479.0,0.069,0.129,0.009,0.25,0.375,0.375,
v11,480.0,-0.003,0.065,-0.071,0.5,0.25,0.188,
v11,481.0,0.047,0.132,-0.038,0.438,0.375,0.375,
v11,482.0,0.109,0.213,0.006,0.312,0.625,0.562,
v11,483.0,0.091,0.187,-0.005,0.375,0.5,0.5,
v11,484.0,0.12,0.295,-0.055,0.5,0.75,0.688,
v11,485.0,0.097,0.212,-0.018,0.438,0.75,0.562,
v11,486.0,0.05,0.138,-0.038,0.438,0.5,0.375,
v11,487.0,0.009,0.063,-0.045,0.375,0.25,0.188,
v11,488.0,0.034,0.123,-0.055,0.438,0.5,0.312,
v11,489.0,0.106,0.242,-0.03,0.5,0.75,0.625,
v11,490.0,0.212,0.313,0.112,0.062,0.875,0.875,
v11,491.0,0.159,0.256,0.063,0.125,0.875,0.688,
v11,492.0,0.122,0.249,-0.004,0.375,1.0,0.625,
v11,493.0,0.088,0.167,0.009,0.25,0.5,0.438,
v11,494.0,0.069,0.171,-0.033,0.438,0.625,0.438,
v11,495.0,0.056,0.139,-0.026,0.375,0.625,0.375,
v11,496.0,0.103,0.221,-0.015,0.375,0.75,0.562,
v11,497.0,0.062,0.147,-0.022,0.312,0.5,0.375,
v11,498.0,0.013,0.072,-0.046,0.312,0.25,0.188,
v11,499.0,0.159,0.242,0.077,0.125,0.75,0.688,
v11,500.0,0.072,0.232,-0.089,0.688,0.625,0.562,431.432
v11,501.0,0.107,0.218,-0.005,0.375,0.625,0.562,
v11,502.0,0.041,0.114,-0.033,0.375,0.375,0.312,
v11,503.0,0.072,0.164,-0.02,0.375,0.625,0.438,
v11,504.0,0.136,0.312,-0.041,0.5,0.875,0.75,
v11,505.0,0.062,0.136,-0.011,0.312,0.5,0.375,
v11,506.0,0.063,0.186,-0.06,0.5,0.625,0.438,
v11,507.0,0.034,0.072,-0.003,0.125,0.25,0.188,
v11,508.0,0.175,0.277,0.073,0.125,0.75,0.75,
v11,509.0,0.041,0.108,-0.027,0.375,0.5,0.312,
v11,510.0,0.062,0.149,-0.024,0.312,0.5,0.375,
v11,511.0,0.091,0.194,-0.012,0.312,0.5,0.5,
v11,512.0,0.094,0.192,-0.005,0.312,0.75,0.5,
v11,513.0,0.103,0.213,-0.007,0.375,0.75,0.562,
v11,514.0,0.082,0.254,-0.09,0.562,0.625,0.562,
v11,515.0,0.081,0.132,0.03,0.125,0.375,0.375,
v11,516.0,0.091,0.147,0.034,0.188,0.5,0.438,
v11,517.0,0.066,0.146,-0.014,0.25,0.5,0.375,
v11,518.0,0.078,0.156,0.001,0.312,0.625,0.438,
v11,519.0,0.078,0.161,-0.005,0.312,0.5,0.438,
v11,520.0,0.209,0.357,0.062,0.25,1.0,0.938,
v11,521.0,0.138,0.261,0.015,0.375,0.75,0.688,
v11,522.0,0.156,0.283,0.03,0.312,0.875,0.75,
v11,523.0,0.122,0.254,-0.009,0.375,0.75,0.625,
v11,524.0,0.141,0.218,0.064,0.125,0.75,0.625,
v11,525.0,0.079,0.182,-0.025,0.5,0.625,0.5,
v11,526.0,0.163,0.279,0.046,0.25,0.875,0.75,
v11,527.0,0.078,0.16,-0.004,0.312,0.625,0.438,
v11,528.0,0.125,0.234,0.016,0.312,0.75,0.625,
v11,529.0,0.075,0.199,-0.049,0.5,0.625,0.5,
v11,530.0,0.041,0.127,-0.044,0.375,0.625,0.312,
v11,531.0,0.141,0.26,0.022,0.312,0.875,0.688,
v11,532.0,0.101,0.271,-0.07,0.562,0.75,0.625,
v11,533.0,0.122,0.222,0.023,0.312,0.75,0.625,
v11,534.0,0.081,0.178,-0.015,0.438,0.625,0.5,
v11,535.0,0.103,0.154,0.052,0.062,0.5,0.438,
v11,536.0,0.025,0.087,-0.037,0.375,0.375,0.25,
v11,537.0,0.082,0.154,0.009,0.25,0.75,0.438,
v11,538.0,0.15,0.217,0.083,0.062,0.75,0.625,
v11,539.0,0.05,0.123,-0.023,0.312,0.375,0.312,
v11,540.0,0.122,0.199,0.045,0.188,0.625,0.562,
v11,541.0,0.179,0.355,0.002,0.375,1.0,0.875,
v11,542.0,0.144,0.214,0.074,0.125,0.75,0.625,
v11,543.0,0.091,0.197,-0.015,0.375,0.625,0.5,
v11,544.0,0.097,0.151,0.043,0.125,0.5,0.438,
v11,545.0,0.103,0.211,-0.005,0.375,0.75,0.562,
v11,546.0,0.116,0.238,-0.006,0.438,0.75,0.625,
v11,547.0,0.06,0.173,-0.052,0.5,0.625,0.438,
v11,548.0,0.1,0.17,0.03,0.25,0.5,0.5,
v11,549.0,0.079,0.191,-0.034,0.438,0.625,0.5,
v11,550.0,0.104,0.17,0.037,0.25,0.75,0.5,
v11,551.0,0.007,0.064,-0.051,0.375,0.375,0.188,
v11,552.0,0.091,0.156,0.026,0.188,0.5,0.438,
v11,553.0,0.147,0.253,0.041,0.25,0.75,0.688,
v11,554.0,0.153,0.259,0.047,0.188,0.75,0.688,
v11,555.0,0.069,0.192,-0.054,0.562,0.5,0.5,
v11,556.0,0.062,0.128,-0.003,0.312,0.5,0.375,
v11,557.0,0.082,0.164,-0.001,0.25,0.75,0.438,
v11,558.0,0.138,0.256,0.02,0.375,0.875,0.688,
v11,559.0,0.166,0.309,0.022,0.375,0.875,0.812,
v11,560.0,0.097,0.181,0.014,0.312,0.5,0.5,
v11,561.0,0.106,0.243,-0.03,0.5,0.75,0.625,
v11,562.0,0.063,0.175,-0.049,0.438,0.625,0.438,
v11,563.0,0.062,0.129,-0.004,0.312,0.5,0.375,
v11,564.0,0.135,0.242,0.028,0.25,0.75,0.625,
v11,565.0,0.166,0.242,0.089,0.062,0.75,0.688,
v11,566.0,0.11,0.186,0.033,0.188,0.625,0.5,
v11,567.0,0.212,0.318,0.107,0.062,0.875,0.875,
v11,568.0,0.056,0.144,-0.031,0.375,0.5,0.375,
v11,569.0,0.097,0.206,-0.012,0.312,0.625,0.5,
v11,570.0,0.094,0.248,-0.06,0.5,0.875,0.562,
v11,571.0,0.147,0.256,0.038,0.25,0.75,0.688,
v11,572.0,0.022,0.073,-0.029,0.25,0.375,0.188,
v11,573.0,0.103,0.153,0.054,0.062,0.625,0.438,
v11,574.0,0.154,0.267,0.041,0.25,0.75,0.688,
v11,575.0,-0.0,0.052,-0.052,0.312,0.25,0.125,
v11,576.0,0.132,0.27,-0.006,0.375,0.875,0.688,
v11,577.0,0.101,0.292,-0.091,0.625,0.75,0.625,
v11,578.0,0.15,0.219,0.081,0.062,0.75,0.625,
v11,579.0,0.181,0.256,0.106,0.062,0.75,0.75,
v11,580.0,0.116,0.202,0.03,0.25,0.75,0.562,
v11,581.0,0.103,0.214,-0.008,0.375,0.75,0.562,
v11,582.0,0.15,0.295,0.005,0.375,0.875,0.75,
v11,583.0,0.127,0.26,-0.007,0.375,0.875,0.625,
v11,584.0,0.075,0.178,-0.027,0.375,0.5,0.438,
v11,585.0,0.113,0.214,0.012,0.312,0.625,0.562,
v11,586.0,0.085,0.156,0.015,0.25,0.5,0.438,
v11,587.0,0.106,0.173,0.039,0.188,0.625,0.5,
v11,588.0,0.154,0.303,0.004,0.375,0.875,0.75,
v11,589.0,0.159,0.235,0.084,0.125,0.75,0.688,
v11,590.0,0.072,0.206,-0.062,0.562,0.75,0.5,
v11,591.0,0.125,0.218,0.033,0.188,0.625,0.562,
v11,592.0,0.079,0.167,-0.009,0.25,0.625,0.438,
v11,593.0,0.031,0.084,-0.021,0.312,0.25,0.25,
v11,594.0,0.157,0.26,0.053,0.188,0.75,0.688,
v11,595.0,0.079,0.157,0.001,0.312,0.625,0.438,
v11,596.0,0.129,0.238,0.019,0.312,0.75,0.625,
v11,597.0,0.119,0.207,0.031,0.188,0.75,0.562,
v11,598.0,0.082,0.158,0.005,0.25,0.5,0.438,
v11,599.0,0.082,0.179,-0.016,0.312,0.5,0.438,
v11,600.0,0.053,0.123,-0.017,0.25,0.375,0.312,537.041
v11,601.0,0.104,0.18,0.027,0.25,0.625,0.5,
v11,602.0,0.063,0.187,-0.061,0.438,0.5,0.438,
v11,603.0,0.126,0.229,0.023,0.312,0.875,0.625,
v11,604.0,0.1,0.188,0.012,0.25,0.625,0.5,
v11,605.0,0.188,0.344,0.032,0.312,1.0,0.875,
v11,606.0,0.138,0.216,0.059,0.188,0.875,0.625,
v11,607.0,0.091,0.188,-0.006,0.312,0.75,0.5,
v11,608.0,0.091,0.237,-0.055,0.5,0.75,0.562,
v11,609.0,0.059,0.16,-0.041,0.5,0.625,0.438,
v11,610.0,0.175,0.301,0.05,0.312,0.875,0.812,
v11,611.0,0.125,0.243,0.007,0.312,0.75,0.625,
v11,612.0,0.119,0.221,0.016,0.375,0.75,0.625,
v11,613.0,0.063,0.123,0.002,0.188,0.625,0.312,
v11,614.0,0.056,0.139,-0.026,0.375,0.375,0.375,
v11,615.0,0.135,0.235,0.034,0.25,0.625,0.625,
v11,616.0,0.156,0.215,0.098,0.0,0.625,0.625,
v11,617.0,0.138,0.22,0.055,0.188,0.75,0.625,
v11,618.0,0.097,0.231,-0.038,0.438,0.75,0.562,
v11,619.0,0.029,0.082,-0.025,0.312,0.375,0.25,
v11,620.0,0.059,0.105,0.014,0.188,0.375,0.312,
v11,621.0,0.047,0.123,-0.03,0.312,0.375,0.312,
v11,622.0,0.039,0.145,-0.067,0.5,0.625,0.375,
v11,623.0,0.131,0.227,0.036,0.25,0.625,0.625,
v11,624.0,0.119,0.238,-0.0,0.375,0.75,0.625,
v11,625.0,0.153,0.256,0.05,0.188,0.75,0.688,
v11,626.0,0.079,0.187,-0.03,0.312,0.5,0.438,
v11,627.0,0.119,0.278,-0.039,0.5,0.75,0.688,
v11,628.0,0.066,0.158,-0.027,0.438,0.625,0.438,
v11,629.0,0.153,0.261,0.045,0.188,0.875,0.688,
v11,630.0,0.01,0.052,-0.032,0.188,0.125,0.125,
v11,631.0,0.078,0.157,-0.0,0.312,0.5,0.438,
v11,632.0,0.049,0.135,-0.037,0.312,0.5,0.312,
v11,633.0,0.037,0.095,-0.02,0.25,0.25,0.25,
v11,634.0,0.088,0.164,0.012,0.25,0.625,0.438,
v11,635.0,0.004,0.044,-0.037,0.312,0.125,0.125,
v11,636.0,0.119,0.176,0.061,0.062,0.625,0.5,
v11,637.0,0.103,0.145,0.062,0.062,0.5,0.438,
v11,638.0,0.075,0.144,0.006,0.188,0.5,0.375,
v11,639.0,0.075,0.138,0.012,0.188,0.5,0.375,
v11,640.0,0.129,0.23,0.027,0.312,0.75,0.625,
v11,641.0,0.1,0.169,0.031,0.25,0.625,0.5,
v11,642.0,0.15,0.265,0.036,0.25,0.75,0.688,
v11,643.0,0.063,0.223,-0.097,0.625,0.625,0.5,
v11,644.0,0.1,0.182,0.018,0.25,0.625,0.5,
v11,645.0,0.081,0.122,0.041,0.125,0.375,0.375,
v11,646.0,0.094,0.177,0.01,0.312,0.75,0.5,
v11,647.0,0.062,0.134,-0.009,0.312,0.375,0.375,
v11,648.0,0.084,0.148,0.021,0.25,0.5,0.438,
v11,649.0,0.003,0.072,-0.066,0.438,0.25,0.188,
v11,650.0,0.059,0.197,-0.078,0.5,0.5,0.438,
v11,651.0,0.066,0.105,0.026,0.125,0.5,0.312,
v11,652.0,0.131,0.222,0.04,0.25,0.75,0.625,
v11,653.0,0.041,0.116,-0.035,0.375,0.375,0.312,
v11,654.0,0.041,0.115,-0.034,0.375,0.5,0.312,
v11,655.0,0.104,0.17,0.037,0.188,0.625,0.5,
v11,656.0,0.084,0.154,0.015,0.25,0.5,0.438,
v11,657.0,0.091,0.174,0.008,0.312,0.625,0.5,
v11,658.0,0.128,0.201,0.055,0.125,0.625,0.562,
v11,659.0,0.072,0.168,-0.025,0.375,0.5,0.438,
v11,660.0,0.088,0.159,0.016,0.25,0.625,0.438,
v11,661.0,0.05,0.123,-0.023,0.312,0.5,0.312,
v11,662.0,0.062,0.156,-0.031,0.312,0.5,0.375,
v11,663.0,0.097,0.158,0.036,0.125,0.5,0.438,
v11,664.0,0.11,0.234,-0.014,0.312,0.75,0.562,
v11,665.0,0.144,0.255,0.034,0.25,0.875,0.688,
v11,666.0,0.119,0.204,0.034,0.25,0.625,0.562,
v11,667.0,0.075,0.129,0.021,0.188,0.375,0.375,
v11,668.0,0.1,0.217,-0.016,0.375,0.875,0.562,
v11,669.0,0.1,0.18,0.02,0.25,0.625,0.5,
v11,670.0,0.082,0.159,0.004,0.312,0.5,0.438,
v11,671.0,0.062,0.133,-0.008,0.312,0.5,0.375,
v11,672.0,0.045,0.146,-0.057,0.562,0.5,0.375,
v11,673.0,0.094,0.19,-0.003,0.312,0.625,0.5,
v11,674.0,0.116,0.208,0.023,0.25,0.75,0.562,
v11,675.0,0.075,0.178,-0.027,0.312,0.75,0.438,
v11,676.0,0.107,0.198,0.015,0.312,0.75,0.562,
v11,677.0,0.181,0.257,0.106,0.062,0.75,0.75,
v11,678.0,0.069,0.145,-0.007,0.25,0.5,0.375,
v11,679.0,0.219,0.297,0.14,0.0,0.875,0.875,
v11,680.0,0.141,0.235,0.047,0.312,0.875,0.688,
v11,681.0,0.156,0.269,0.043,0.312,0.875,0.75,
v11,682.0,0.125,0.223,0.027,0.312,0.875,0.625,
v11,683.0,0.057,0.115,-0.002,0.25,0.375,0.312,
v11,684.0,0.144,0.218,0.069,0.125,0.75,0.625,
v11,685.0,0.109,0.209,0.01,0.312,0.625,0.562,
v11,686.0,0.163,0.274,0.051,0.25,0.75,0.75,
v11,687.0,0.075,0.189,-0.039,0.5,0.625,0.5,
v11,688.0,0.141,0.251,0.03,0.312,0.75,0.688,
v11,689.0,0.047,0.136,-0.042,0.5,0.5,0.375,
v11,690.0,0.122,0.196,0.047,0.188,0.75,0.562,
v11,691.0,0.188,0.254,0.121,0.0,0.75,0.75,
v11,692.0,0.144,0.259,0.029,0.312,0.75,0.688,
v11,693.0,0.144,0.221,0.067,0.125,0.75,0.625,
v11,694.0,0.097,0.194,-0.0,0.438,0.75,0.562,
v11,695.0,0.191,0.277,0.105,0.125,0.875,0.812,
v11,696.0,0.166,0.24,0.091,0.062,0.75,0.688,
v11,697.0,0.175,0.262,0.088,0.125,0.875,0.75,
v11,698.0,0.181,0.25,0.113,0.062,0.875,0.75,
v11,699.0,0.16,0.278,0.042,0.312,0.875,0.75,
v11,700.0,0.116,0.206,0.026,0.25,0.625,0.562,444.23
v11,701.0,0.16,0.266,0.054,0.312,0.875,0.75,
v11,702.0,0.094,0.178,0.01,0.312,0.625,0.5,
v11,703.0,0.091,0.177,0.005,0.312,0.625,0.5,
v11,704.0,0.116,0.199,0.032,0.25,0.625,0.562,
v11,705.0,0.122,0.19,0.054,0.188,0.625,0.562,
v11,706.0,0.056,0.125,-0.012,0.375,0.625,0.375,
v11,707.0,0.084,0.148,0.021,0.25,0.5,0.438,
v11,708.0,0.163,0.256,0.069,0.25,0.75,0.75,
v11,709.0,0.075,0.16,-0.009,0.375,0.5,0.438,
v11,710.0,0.085,0.135,0.035,0.125,0.625,0.375,
v11,711.0,0.147,0.234,0.059,0.25,0.875,0.688,
v11,712.0,0.122,0.195,0.048,0.188,0.75,0.562,
v11,713.0,0.094,0.178,0.01,0.312,0.75,0.5,
v11,714.0,0.116,0.192,0.039,0.25,0.75,0.562,
v11,715.0,0.066,0.156,-0.024,0.438,0.5,0.438,
v11,716.0,0.116,0.2,0.032,0.25,0.625,0.562,
v11,717.0,0.122,0.187,0.057,0.188,0.625,0.562,
v11,718.0,0.116,0.2,0.032,0.25,0.625,0.562,
v11,719.0,0.109,0.198,0.021,0.312,0.625,0.562,
v11,720.0,0.109,0.204,0.015,0.312,0.75,0.562,
v11,721.0,0.101,0.181,0.02,0.312,0.75,0.5,
v11,722.0,0.169,0.265,0.073,0.188,0.75,0.75,
v11,723.0,0.131,0.217,0.046,0.25,0.625,0.625,
v11,724.0,0.156,0.285,0.027,0.312,0.875,0.75,
v11,725.0,0.063,0.146,-0.021,0.312,0.5,0.375,
v11,726.0,0.147,0.242,0.052,0.25,0.875,0.688,
v11,727.0,0.125,0.243,0.007,0.312,0.75,0.625,
v11,728.0,0.125,0.225,0.025,0.312,0.75,0.625,
v11,729.0,0.2,0.325,0.075,0.188,1.0,0.875,
v11,730.0,0.156,0.283,0.029,0.312,0.875,0.75,
v11,731.0,0.113,0.232,-0.007,0.438,0.75,0.625,
v11,732.0,0.144,0.222,0.065,0.125,0.75,0.625,
v11,733.0,0.072,0.168,-0.025,0.375,0.625,0.438,
v11,734.0,0.144,0.225,0.062,0.125,0.625,0.625,
v11,735.0,0.15,0.243,0.058,0.25,0.875,0.688,
v11,736.0,0.147,0.243,0.051,0.25,0.75,0.688,
v11,737.0,0.141,0.257,0.024,0.312,0.875,0.688,
v11,738.0,0.069,0.125,0.012,0.25,0.375,0.375,
v11,739.0,0.1,0.174,0.026,0.25,0.625,0.5,
v11,740.0,0.179,0.316,0.042,0.312,1.0,0.812,
v11,741.0,0.147,0.245,0.048,0.25,0.75,0.688,
v11,742.0,0.169,0.268,0.069,0.188,0.75,0.75,
v11,743.0,0.006,0.096,-0.083,0.562,0.25,0.25,
v11,744.0,0.197,0.283,0.111,0.062,0.875,0.812,
v11,745.0,0.085,0.198,-0.028,0.438,0.875,0.5,
v11,746.0,0.094,0.184,0.003,0.312,0.625,0.5,
v11,747.0,0.107,0.213,0.0,0.312,0.75,0.562,
v11,748.0,0.132,0.259,0.004,0.375,0.75,0.688,
v11,749.0,0.082,0.209,-0.045,0.5,0.625,0.5,
v11,750.0,0.128,0.19,0.067,0.125,0.625,0.562,
v11,751.0,0.159,0.237,0.082,0.125,0.875,0.688,
v11,752.0,0.247,0.363,0.131,0.062,1.0,1.0,
v11,753.0,0.081,0.2,-0.038,0.438,0.5,0.5,
v11,754.0,0.097,0.208,-0.014,0.438,0.875,0.562,
v11,755.0,0.081,0.2,-0.037,0.438,0.625,0.5,
v11,756.0,0.175,0.259,0.091,0.125,0.875,0.75,
v11,757.0,0.138,0.232,0.043,0.188,0.75,0.625,
v11,758.0,0.15,0.21,0.09,0.062,0.75,0.625,
v11,759.0,0.056,0.125,-0.013,0.375,0.375,0.375,
v11,760.0,0.169,0.258,0.079,0.188,0.875,0.75,
v11,761.0,0.1,0.167,0.033,0.25,0.75,0.5,
v11,762.0,-0.003,0.062,-0.068,0.5,0.375,0.188,
v11,763.0,0.087,0.189,-0.014,0.375,0.625,0.5,
v11,764.0,0.131,0.212,0.05,0.25,0.75,0.625,
v11,765.0,0.141,0.252,0.031,0.312,0.875,0.688,
v11,766.0,0.141,0.261,0.021,0.312,0.75,0.688,
v11,767.0,0.204,0.315,0.092,0.188,1.0,0.875,
v11,768.0,0.247,0.365,0.129,0.062,1.0,1.0,
v11,769.0,0.141,0.251,0.03,0.312,0.75,0.688,
v11,770.0,0.088,0.178,-0.003,0.375,0.75,0.5,
v11,771.0,0.107,0.214,-0.001,0.375,0.75,0.562,
v11,772.0,0.184,0.293,0.076,0.188,0.875,0.812,
v11,773.0,0.072,0.16,-0.016,0.375,0.75,0.438,
v11,774.0,0.153,0.239,0.068,0.188,0.875,0.688,
v11,775.0,0.175,0.271,0.079,0.125,0.75,0.75,
v11,776.0,0.151,0.262,0.04,0.312,0.75,0.688,
v11,777.0,0.125,0.221,0.029,0.312,0.875,0.625,
v11,778.0,0.119,0.206,0.032,0.188,0.625,0.562,
v11,779.0,0.066,0.162,-0.031,0.438,0.75,0.438,
v11,780.0,0.075,0.193,-0.043,0.5,0.75,0.5,
v11,781.0,0.157,0.246,0.068,0.188,0.875,0.688,
v11,782.0,0.044,0.144,-0.056,0.5,0.5,0.375,
v11,783.0,0.122,0.243,0.002,0.375,0.625,0.625,
v11,784.0,0.119,0.235,0.002,0.375,0.75,0.625,
v11,785.0,0.116,0.202,0.03,0.25,0.75,0.562,
v11,786.0,0.159,0.241,0.077,0.125,0.875,0.688,
v11,787.0,0.141,0.262,0.019,0.312,0.875,0.688,
v11,788.0,0.05,0.128,-0.028,0.438,0.5,0.375,
v11,789.0,0.132,0.271,-0.008,0.375,0.75,0.688,
v11,790.0,0.059,0.175,-0.056,0.5,0.625,0.438,
v11,791.0,0.056,0.138,-0.026,0.375,0.5,0.375,
v11,792.0,0.097,0.197,-0.002,0.312,0.625,0.5,
v11,793.0,0.109,0.21,0.009,0.312,0.625,0.562,
v11,794.0,0.097,0.16,0.034,0.125,0.5,0.438,
v11,795.0,0.103,0.221,-0.015,0.375,0.625,0.562,
v11,796.0,-0.019,0.041,-0.078,0.5,0.125,0.125,
v11,797.0,0.091,0.153,0.028,0.188,0.5,0.438,
v11,798.0,0.1,0.187,0.013,0.25,0.625,0.5,
v11,799.0,0.1,0.185,0.015,0.25,0.625,0.5,
v11,800.0,0.156,0.288,0.025,0.312,0.875,0.75,310.518
